"Rank","Host/device","Operation Type","Operation Name","#Occurrences","Total time (us)","Avg. time (us)","Total self-time (us)","Avg. self-time (us)","Total self-time on Device (%)","Cumulative total-self time on Device (%)","Total self-time on Host (%)","Cumulative total-self time on Host (%)","Normalized FLOP Rate (FLOPs/s)","Model FLOP Rate (GFLOP/s)","Measured Memory BW (GBytes/Sec)","Operational Intensity (FLOPs/Byte)","GPU TensorCore utilization","Bound by","Execution mode"
"1.0","Device","Unknown","call.594","13.0","2748061.138","211389.3183076923","2748061.138","211389.3183076923","0.35703457193706456","0.35703457193706456","0.0","0.0","29628.716841044312","29628.716841044312","44.530061750241565","619.6688656243484","0.0","Compute","Function"
"2.0","Device","IDLE","IDLE","0.0","1449445.474","0.0","1449445.474","0.0","0.1883153679515065","0.5453499398885711","0.0","0.0","0.0","0.0","0.0","0.0","0.0","Unknown","Function"
"3.0","Device","triangular_solve","jit(compute_Cell_spectrum_from_cosmo_params)/jit(main)/jit(evolve_perturbations_batched)/vmap(jit(diffeqsolve))/outer-loop/while/body/checkpoint/cond/branch_1_fun/while/body/checkpoint/cond/branch_1_fun/while/body/cond/branch_1_fun/vmap(jit(lu_solve))/jit(_lu_solve)/triangular_solve","4696.0","658276.941","140.17822423339013","658276.941","140.17822423339013","0.08552488974718557","0.6308748296357566","0.0","0.0","0.0","0.0","0.0","0.0","0.0","Unknown","Function"
"4.0","Device","lu","jit(compute_Cell_spectrum_from_cosmo_params)/jit(main)/jit(evolve_perturbations_batched)/vmap(jit(diffeqsolve))/outer-loop/while/body/checkpoint/cond/branch_1_fun/while/body/checkpoint/cond/branch_1_fun/while/body/cond/branch_1_fun/vmap(jit(lu_factor))/lu","1174.0","566876.443","482.8589804088586","566876.443","482.8589804088586","0.07364992189184358","0.7045247515276002","0.0","0.0","2.090349441456681","2.090349441456681","10.31029462474587","0.18881997988602078","0.0","HBM","Function"
"5.0","Device","Unknown","call.629","112466.0","335485.062","2.982990966158661","335485.062","2.982990966158661","0.043587008981038754","0.7481117605086389","0.0","0.0","348.9541241690219","348.9541241690219","2.2647785504226525","143.4969671905156","0.0","HBM","Function"
"6.0","Device","Unknown","call.630","72120.0","306435.788","4.248970992789795","306435.788","4.248970992789795","0.039812858921473196","0.7879246194301122","0.0","0.0","0.0","0.0","10351.639767643117","0.0","0.0","HBM","Function"
"7.0","Device","Unknown","call.620","75136.0","301824.714","4.017045277896082","301824.714","4.017045277896082","0.039213777333005226","0.8271383967631174","0.0","0.0","0.0","0.0","10949.295827594286","0.0","0.0","HBM","Function"
"8.0","Device","Unknown","call.622","48256.0","195160.698","4.044278390251989","195160.698","4.044278390251989","0.02535573728904744","0.8524941340521648","0.0","0.0","0.0","0.0","10875.566134749783","0.0","0.0","HBM","Function"
"9.0","Device","Unknown","call.631","45208.0","191667.369","4.239678132188994","191667.369","4.239678132188994","0.024901875762131754","0.8773960098142966","0.0","0.0","0.0","0.0","10374.329307356065","0.0","0.0","HBM","Function"
"10.0","Device","Unknown","call.604","17610.0","134884.703","7.65955156161272","134884.703","7.65955156161272","0.01752453813000397","0.8949205479443005","0.0","0.0","138596.2203479812","138596.2203479812","8921.010007467648","14.468965807504626","0.0","HBM","Function"
"11.0","Device","Unknown","call.603","22306.0","104223.363","4.672436250336232","104223.363","4.672436250336232","0.013540944660943091","0.9084614926052437","0.0","0.0","100936.82154915688","100936.82154915688","269.2849577594492","349.0902028127313","0.0","Compute","Function"
"12.0","Device","scatter","jit(compute_Cell_spectrum_from_cosmo_params)/jit(main)/jit(evolve_background)/while/body/scatter","1021.0","47839.127","46.85516846229187","47839.127","46.85516846229187","0.006215371992312592","0.9146768645975563","0.0","0.0","1.364941295856005","1.364941295856005","0.04148977616210487","30.63888888888889","0.0","HBM","Function"
"13.0","Device","sub","jit(compute_Cell_spectrum_from_cosmo_params)/jit(main)/jit(evolve_background)/while/body/sub","1021.0","40890.789","40.0497443682664","40890.789","40.0497443682664","0.005312627563085836","0.9199894921606421","0.0","0.0","0.1664922630864374","0.1664922630864374","0.03505659200775374","4.423076923076923","0.0","HBM","Function"
"14.0","Device","add","jit(compute_Cell_spectrum_from_cosmo_params)/jit(main)/jit(evolve_background)/while/body/add","1024.0","25358.096","24.763765625","25358.096","24.763765625","0.003294583524836772","0.9232840756854789","0.0","0.0","0.0036892359741835506","0.0036892359741835506","0.018324633311150227","0.1875","0.0","HBM","Function"
"15.0","Device","Unknown","call.618","10566.0","22935.651","2.1707032935831916","22935.651","2.1707032935831916","0.002979853768043391","0.9262639294535223","0.0","0.0","14859.018316942474","14859.018316942474","582.7074900926722","23.74868940331036","0.0","HBM","Function"
"16.0","Device","Unknown","call.616","10566.0","22334.444","2.113803142154079","22334.444","2.113803142154079","0.002901743539372573","0.9291656729928949","0.0","0.0","14405.54770344854","14405.54770344854","565.9091394572795","23.707360140513472","0.0","HBM","Function"
"17.0","Device","Unknown","call.612","10566.0","22132.883","2.0947267650955896","22132.883","2.0947267650955896","0.0028755562597814863","0.9320412292526764","0.0","0.0","13729.448861406803","13729.448861406803","528.2208125211348","24.206819115339812","0.0","HBM","Function"
"18.0","Device","Unknown","call.614","10566.0","21727.555","2.0563652280901","21727.555","2.0563652280901","0.0028228950918864266","0.9348641243445628","0.0","0.0","13930.628474303712","13930.628474303712","548.3247581581135","23.660993934107758","0.0","HBM","Function"
"19.0","Device","Unknown","call.610","10566.0","21528.455","2.037521767934886","21528.455","2.037521767934886","0.002797027551208491","0.9376611518957713","0.0","0.0","13229.508721921755","13229.508721921755","509.35098678193697","24.18948906262339","0.0","HBM","Function"
"20.0","Device","concatenate","jit(compute_Cell_spectrum_from_cosmo_params)/jit(main)/jit(evolve_background)/jit(evaluate_thermo)/while/body/cond/branch_0_fun/cond/branch_0_fun/cond/branch_0_fun/concatenate","877.0","21006.773","23.95299087799316","21006.773","23.95299087799316","0.0027292493977381397","0.9403904012935094","0.0","0.0","7.567739699952963","7.567739699952963","0.004665751743617782","1510.5833333333333","0.0","Compute","Function"
"21.0","Device","Unknown","call.608","10566.0","20985.33","1.9861186825667236","20985.33","1.9861186825667236","0.002726463472701691","0.943116864766211","0.0","0.0","12663.58361198037","12663.58361198037","487.9613594156412","24.169703329566335","0.0","HBM","Function"
"22.0","Device","Unknown","call.606","10566.0","20392.207","1.929983626727238","20392.207","1.929983626727238","0.0026494035363404684","0.9457662683025515","0.0","0.0","12097.174129705529","12097.174129705529","466.5763009874875","24.146900158032782","0.0","HBM","Function"
"23.0","Device","fft","jit(compute_Cell_spectrum_from_cosmo_params)/jit(main)/jit(compute_theta_ell)/jit(fft)/fft","2.0","18882.704","9441.352","18882.704","9441.352","0.002453285353236671","0.9482195536557881","0.0","0.0","1592.1856886598446","1592.1856886598446","211.84699715808708","6.9995727799816905","0.0","HBM","Function"
"24.0","Device","select_n","jit(compute_Cell_spectrum_from_cosmo_params)/jit(main)/jit(evolve_background)/while/body/jit(_where)/select_n","1024.0","15489.568","15.12653125","15489.568","15.12653125","0.002012441136733565","0.9502319947925217","0.0","0.0","0.035203047625343716","0.035203047625343716","0.031523232281235984","1.0400390625","0.0","HBM","Function"
"25.0","Device","Unknown","call.613","4696.0","15099.066","3.2153036626916527","15099.066","3.2153036626916527","0.0019617061976586513","0.9521937009901804","0.0","0.0","6436.6175550196285","6436.6175550196285","240.6530388688616","24.909584609162863","0.0","HBM","Function"
"26.0","Device","Unknown","call.628","5194.0","15073.327","2.9020652676164804","15073.327","2.9020652676164804","0.0019583621261894933","0.9541520631163699","0.0","0.0","358.68490333952155","358.68490333952155","2.32793315562105","143.4969671905156","0.0","HBM","Function"
"27.0","Device","Unknown","call.611","4696.0","15041.405","3.2030249148211243","15041.405","3.2030249148211243","0.001954214744805661","0.9561062778611755","0.0","0.0","5903.0998830228955","5903.0998830228955","220.13817103606718","24.973816014708678","0.0","HBM","Function"
"28.0","Device","Unknown","call.609","4696.0","14976.276","3.189155877342419","14976.276","3.189155877342419","0.0019457530318131278","0.9580520308929886","0.0","0.0","5368.1515292586755","5368.1515292586755","199.56487554342658","25.05190700287982","0.0","HBM","Function"
"29.0","Device","Unknown","call.605","4696.0","14919.183","3.1769980834752984","14919.183","3.1769980834752984","0.0019383353748571993","0.9599903662678458","0.0","0.0","4263.164359603337","4263.164359603337","157.10251661277337","25.2725500074638","0.0","HBM","Function"
"30.0","Device","Unknown","call.607","4696.0","14909.929","3.1750274701873935","14909.929","3.1750274701873935","0.0019371330733934443","0.9619274993412393","0.0","0.0","4828.924834182644","4828.924834182644","178.82646695200603","25.148887554785713","0.0","HBM","Function"
"31.0","Device","Unknown","call.617","4696.0","14787.248","3.1489028960817715","14787.248","3.1489028960817715","0.0019211940690845046","0.9638486934103239","0.0","0.0","4017.308064894834","4017.308064894834","158.50421898019877","23.60448014629049","0.0","HBM","Function"
"32.0","Device","Unknown","call.615","4696.0","14771.568","3.145563884156729","14771.568","3.145563884156729","0.0019191568865740574","0.9657678502968979","0.0","0.0","4021.57243212095","4021.57243212095","158.67247100013392","23.60448014629049","0.0","HBM","Function"
"33.0","Device","Unknown","call.626","3048.0","13633.839","4.473044291338582","13633.839","4.473044291338582","0.0017713404566997873","0.9675391907535977","0.0","0.0","0.0","0.0","9833.083295350627","0.0","0.0","HBM","Function"
"34.0","Device","lu_pivots_to_permutation","jit(compute_Cell_spectrum_from_cosmo_params)/jit(main)/jit(evolve_perturbations_batched)/vmap(jit(diffeqsolve))/outer-loop/while/body/checkpoint/cond/branch_1_fun/while/body/checkpoint/cond/branch_1_fun/while/body/cond/branch_1_fun/vmap(jit(lu_solve))/lu_pivots_to_permutation","587.0","13209.536","22.503468483816015","13209.536","22.503468483816015","0.0017162140121379078","0.9692554047657357","0.0","0.0","0.0","0.0","0.0","0.0","0.0","Unknown","Function"
"35.0","Device","dynamic_update_slice","jit(compute_Cell_spectrum_from_cosmo_params)/jit(main)/jit(evolve_background)/while/body/dynamic_update_slice","1024.0","13073.797","12.7673798828125","13073.797","12.7673798828125","0.0016985784817306637","0.9709539832474664","0.0","0.0","0.0","0.0","0.028072609679075464","0.0","0.0","HBM","Function"
"36.0","Device","add","jit(compute_Cell_spectrum_from_cosmo_params)/jit(main)/jit(evolve_perturbations_batched)/vmap(jit(diffeqsolve))/outer-loop/while/body/checkpoint/cond/branch_1_fun/while/body/checkpoint/cond/branch_1_fun/while/body/cond/branch_1_fun/inner-loop/while/body/add","9392.0","12633.808","1.3451669505962522","12633.808","1.3451669505962522","0.0016414140751242132","0.9725953973225906","0.0","0.0","0.0022302064429030426","0.0022302064429030426","0.011077555233751944","0.1875","0.0","HBM","Function"
"37.0","Device","Unknown","call.621","3016.0","12564.955","4.166099137931035","12564.955","4.166099137931035","0.001632468531285449","0.974227865853876","0.0","0.0","0.0","0.0","10557.554115807266","0.0","0.0","HBM","Function"
"38.0","Device","reduce_or","jit(compute_Cell_spectrum_from_cosmo_params)/jit(main)/jit(evolve_perturbations_batched)/vmap(jit(diffeqsolve))/outer-loop/while/body/checkpoint/cond/branch_1_fun/while/body/checkpoint/cond/branch_1_fun/while/body/cond/branch_1_fun/inner-loop/while/body/checkpoint/reduce_or","9392.0","12141.955","1.2927975936967633","12141.955","1.2927975936967633","0.001577511375550809","0.9758053772294268","0.0","0.0","5.096698842978746","5.096698842978746","0.1447990299567494","32.78109452736319","0.0","HBM","Function"
"39.0","Device","dynamic_slice","jit(compute_Cell_spectrum_from_cosmo_params)/jit(main)/jit(evolve_background)/while/body/dynamic_slice","1021.0","11757.419","11.515591576885406","11757.419","11.515591576885406","0.0015275515532397555","0.9773329287826666","0.0","0.0","0.01132901702320892","0.01132901702320892","0.02813591813844671","0.375","0.0","HBM","Function"
"40.0","Device","cond","jit(compute_Cell_spectrum_from_cosmo_params)/jit(main)/jit(evolve_perturbations_batched)/vmap(jit(diffeqsolve))/outer-loop/while/body/checkpoint/cond/branch_1_fun/while/body/checkpoint/cond/branch_1_fun/while/body/cond/branch_1_fun/inner-loop/while/body/checkpoint/cond","9392.0","10328.39","1.0997008091993186","10328.39","1.0997008091993186","0.0013418887416503536","0.978674817524317","0.0","0.0","2539.3552288401193","2539.3552288401193","160299.16762701792","0.014753406924042263","0.0","HBM","Function"
"41.0","Device","convert_element_type","jit(compute_Cell_spectrum_from_cosmo_params)/jit(main)/jit(evolve_perturbations_batched)/vmap(jit(diffeqsolve))/outer-loop/while/body/checkpoint/cond/branch_1_fun/while/body/checkpoint/cond/branch_1_fun/while/body/cond/branch_1_fun/inner-loop/while/body/checkpoint/convert_element_type","9392.0","9061.54","0.9648147359454856","9061.54","0.9648147359454856","0.001177296607507496","0.9798521141318245","0.0","0.0","0.009328215733749451","0.009328215733749451","0.012548723624268222","0.6923076923076923","0.0","HBM","Function"
"42.0","Device","add","jit(compute_Cell_spectrum_from_cosmo_params)/jit(main)/jit(evolve_perturbations_batched)/vmap(jit(diffeqsolve))/outer-loop/while/body/checkpoint/cond/branch_1_fun/while/body/checkpoint/cond/branch_1_fun/while/body/cond/branch_1_fun/inner-loop/while/body/checkpoint/cond/branch_1_fun/while/body/add","6032.0","8224.777","1.3635240384615386","8224.777","1.3635240384615386","0.001068582388821953","0.9809206965206464","0.0","0.0","0.0022001812328771952","0.0022001812328771952","0.010928418402260519","0.1875","0.0","HBM","Function"
"43.0","Device","reduce_or","jit(compute_Cell_spectrum_from_cosmo_params)/jit(main)/jit(evolve_perturbations_batched)/vmap(jit(diffeqsolve))/outer-loop/while/body/checkpoint/cond/branch_1_fun/while/body/checkpoint/cond/branch_1_fun/while/body/cond/branch_1_fun/inner-loop/while/body/checkpoint/cond/branch_1_fun/while/body/checkpoint/reduce_or","6032.0","7765.468","1.287378647214854","7765.468","1.287378647214854","0.0010089078823365585","0.9819296044029829","0.0","0.0","5.118152312262442","5.118152312262442","0.14540853066243964","32.78109452736319","0.0","HBM","Function"
"44.0","Device","Unknown","call.627","6225.0","7121.667","1.144042891566265","7121.667","1.144042891566265","0.0009252637409202062","0.9828548681439031","0.0","0.0","2429.3870627480896","2429.3870627480896","38746.7700692495","0.05839307405423458","0.0","HBM","Function"
"45.0","Device","Unknown","call.619","4109.0","7098.591","1.7275714285714288","7098.591","1.7275714285714288","0.0009222656526797038","0.9837771337965828","0.0","0.0","2852.601008848094","2852.601008848094","378.9493256996102","7.01067803988403","0.0","HBM","Function"
"46.0","Device","Unknown","call.597","4385.0","6986.274","1.5932209806157356","6986.274","1.5932209806157356","0.00090767316364744","0.9846848069602303","0.0","0.0","14.814642969915008","14.814642969915008","0.18471884136546662","74.69303797468355","0.0","HBM","Function"
"47.0","Device","cond","jit(compute_Cell_spectrum_from_cosmo_params)/jit(main)/jit(evolve_perturbations_batched)/vmap(jit(diffeqsolve))/outer-loop/while/body/checkpoint/cond/branch_1_fun/while/body/checkpoint/cond/branch_1_fun/while/body/cond/branch_1_fun/inner-loop/while/body/checkpoint/cond/branch_1_fun/while/body/checkpoint/cond","6032.0","6557.186","1.0870666445623343","6557.186","1.0870666445623343","0.0008519250406217537","0.985536732000852","0.0","0.0","2562.7931957397577","2562.7931957397577","81239.52913922592","0.029379628150884227","0.0","HBM","Function"
"48.0","Device","reduce_or","jit(compute_Cell_spectrum_from_cosmo_params)/jit(main)/jit(evolve_perturbations_batched)/vmap(jit(diffeqsolve))/outer-loop/while/body/checkpoint/cond/branch_1_fun/while/body/checkpoint/cond/branch_1_fun/while/body/cond/branch_1_fun/inner-loop/while/body/checkpoint/cond/branch_1_fun/while/body/checkpoint/cond/branch_1_fun/while/body/reduce_or","6096.0","6216.604","1.019784120734908","6216.604","1.019784120734908","0.0008076758254576517","0.9863444078263096","0.0","0.0","6.461171404837754","6.461171404837754","0.18356418156698534","32.78109452736319","0.0","HBM","Function"
"49.0","Device","mul","jit(compute_Cell_spectrum_from_cosmo_params)/jit(main)/jit(compute_theta_ell)/mul","1.0","6214.484","6214.484","6214.484","6214.484","0.0008074003900672086","0.9871518082163768","0.0","0.0","21945.901421260398","21945.901421260398","176.80578877629247","115.59979769534733","0.0","HBM","Function"
"50.0","Device","convert_element_type","jit(compute_Cell_spectrum_from_cosmo_params)/jit(main)/jit(evolve_perturbations_batched)/vmap(jit(diffeqsolve))/outer-loop/while/body/checkpoint/cond/branch_1_fun/while/body/checkpoint/cond/branch_1_fun/while/body/cond/branch_1_fun/inner-loop/while/body/checkpoint/cond/branch_1_fun/while/body/checkpoint/convert_element_type","6032.0","5725.155","0.9491304708222811","5725.155","0.9491304708222811","0.0007438256145152564","0.9878956338308921","0.0","0.0","0.00948236335959463","0.00948236335959463","0.012756089749718105","0.6923076923076923","0.0","HBM","Function"
"51.0","Device","gather","jit(compute_Cell_spectrum_from_cosmo_params)/jit(main)/jit(evolve_perturbations_batched)/vmap(jit(diffeqsolve))/outer-loop/while/body/checkpoint/cond/branch_1_fun/while/body/checkpoint/cond/branch_1_fun/while/body/cond/branch_1_fun/vmap(jit(lu_solve))/jit(_lu_solve)/gather","587.0","5493.949","9.35936797274276","5493.949","9.35936797274276","0.0007137867867403553","0.9886094206176325","0.0","0.0","1351.0108841563692","1351.0108841563692","26.970375709013396","46.65218417945691","0.0","HBM","Function"
"52.0","Device","cond","jit(compute_Cell_spectrum_from_cosmo_params)/jit(main)/jit(evolve_perturbations_batched)/vmap(jit(diffeqsolve))/outer-loop/while/body/checkpoint/cond/branch_1_fun/while/body/checkpoint/cond/branch_1_fun/while/body/cond/branch_1_fun/inner-loop/while/body/checkpoint/cond/branch_1_fun/while/body/checkpoint/cond/branch_1_fun/while/body/cond","6096.0","4982.213","0.8172921587926508","4982.213","0.8172921587926508","0.0006473008410027151","0.9892567214586352","0.0","0.0","3400.6480670336655","3400.6480670336655","54237.674981497425","0.0583929955373523","0.0","HBM","Function"
"53.0","Device","add","jit(compute_Cell_spectrum_from_cosmo_params)/jit(main)/jit(evolve_perturbations_batched)/vmap(jit(diffeqsolve))/outer-loop/while/body/checkpoint/cond/branch_1_fun/while/body/checkpoint/cond/branch_1_fun/while/body/cond/branch_1_fun/inner-loop/while/body/checkpoint/cond/branch_1_fun/while/body/checkpoint/cond/branch_1_fun/while/body/add","6096.0","4977.05","0.8164452099737534","4977.05","0.8164452099737534","0.000646630051889103","0.9899033515105243","0.0","0.0","0.0036744657980128793","0.0036744657980128793","0.01825126905248999","0.1875","0.0","HBM","Function"
"54.0","Device","convert_element_type","jit(compute_Cell_spectrum_from_cosmo_params)/jit(main)/jit(evolve_perturbations_batched)/vmap(jit(diffeqsolve))/outer-loop/while/body/checkpoint/cond/branch_1_fun/while/body/checkpoint/cond/branch_1_fun/while/body/cond/branch_1_fun/inner-loop/while/body/checkpoint/cond/branch_1_fun/while/body/checkpoint/cond/branch_1_fun/while/body/convert_element_type","6096.0","4968.444","0.8150334645669292","4968.444","0.8150334645669292","0.0006455119401107287","0.9905488634506351","0.0","0.0","0.011042491371544089","0.011042491371544089","0.014854842158455934","0.6923076923076923","0.0","HBM","Function"
"55.0","Device","Unknown","copy.197","6096.0","4873.998","0.7995403543307086","4873.998","0.7995403543307086","0.000633241293466488","0.9911821047441016","0.0","0.0","0.0","0.0","0.14909727683547727","0.0","0.0","HBM","Function"
"56.0","Device","Unknown","call.595","5120.0","4872.902","0.951738671875","4872.902","0.951738671875","0.0006330988985665231","0.9918152036426682","0.0","0.0","9.082325070358484","9.082325070358484","0.3043286243006157","27.794212218649516","0.0","HBM","Function"
"57.0","Device","Unknown","copy.192","6096.0","4852.521","0.7960172244094488","4852.521","0.7960172244094488","0.0006304509510700036","0.9924456545937381","0.0","0.0","0.0","0.0","0.14975717345717052","0.0","0.0","HBM","Function"
"58.0","Device","Unknown","copy.191","6096.0","4839.03","0.7938041338582676","4839.03","0.7938041338582676","0.0006286981685924244","0.9930743527623306","0.0","0.0","0.0","0.0","0.018771836222899074","0.0","0.0","HBM","Function"
"59.0","Device","Unknown","copy.164","4851.0","3873.203","0.7984339311482168","3873.203","0.7984339311482168","0.0005032156512124711","0.993577568413543","0.0","0.0","0.0","0.0","0.1493038871473661","0.0","0.0","HBM","Function"
"60.0","Device","Unknown","copy.161","4851.0","3867.025","0.7971603793032365","3867.025","0.7971603793032365","0.0005024129909095666","0.9940799814044526","0.0","0.0","0.0","0.0","0.14954241661505674","0.0","0.0","HBM","Function"
"61.0","Device","Unknown","copy.160","4851.0","3859.02","0.7955102040816326","3859.02","0.7955102040816326","0.0005013729624659359","0.9945813543669185","0.0","0.0","0.0","0.0","0.01873157769365149","0.0","0.0","HBM","Function"
"62.0","Device","scatter","jit(compute_Cell_spectrum_from_cosmo_params)/jit(main)/jit(evolve_perturbations_batched)/vmap(jit(diffeqsolve))/outer-loop/while/body/checkpoint/cond/branch_1_fun/while/body/checkpoint/cond/branch_1_fun/while/body/cond/branch_1_fun/scatter","587.0","3744.908","6.379741056218058","3744.908","6.379741056218058","0.00048654726280827334","0.9950679016297268","0.0","0.0","0.0","0.0","2.391756801418753","0.0","0.0","HBM","Function"
"63.0","Device","and","jit(compute_Cell_spectrum_from_cosmo_params)/jit(main)/jit(evolve_background)/jit(evaluate_thermo)/while/body/cond/branch_0_fun/cond/branch_0_fun/cond/branch_0_fun/jit(diffeqsolve)/outer-loop/while/cond/and","2999.0","2689.602","0.8968329443147716","2689.602","0.8968329443147716","0.00034943942311631087","0.9954173410528431","0.0","0.0","0.010463629934837942","0.010463629934837942","0.027069485474269066","0.36","0.0","HBM","Function"
"64.0","Device","while","jit(compute_Cell_spectrum_from_cosmo_params)/jit(main)/jit(evolve_background)/jit(evaluate_thermo)/while/body/cond/branch_0_fun/cond/branch_0_fun/cond/branch_0_fun/jit(diffeqsolve)/outer-loop/while","2999.0","2428.767","0.8098589529843281","2428.767","0.8098589529843281","0.0003155511259152592","0.9957328921787584","0.0","0.0","1340.1890226604694","1340.1890226604694","8.96779539645517","139.18117395373713","0.0","HBM","Function"
"65.0","Device","Unknown","call.623","1902.0","2048.465","1.0770057833859097","2048.465","1.0770057833859097","0.00026614139485096823","0.9959990335736093","0.0","0.0","16834.91424066313","16834.91424066313","340.2015758060096","46.086605086701674","0.0","HBM","Function"
"66.0","Device","Unknown","call.601","672.0","1794.924","2.671017857142857","1794.924","2.671017857142857","0.00023320075129986564","0.9962322343249091","0.0","0.0","0.0","0.0","16518.77236448998","0.0","0.0","HBM","Function"
"67.0","Device","Unknown","call.625","1902.0","1758.823","0.9247229232386962","1758.823","0.9247229232386962","0.00022851042439873978","0.9964607447493079","0.0","0.0","308.92388716772524","308.92388716772524","6.399347837491913","44.95892351274787","0.0","HBM","Function"
"68.0","Device","Unknown","call.602","518.0","1428.638","2.757988416988417","1428.638","2.757988416988417","0.00018561201194899473","0.9966463567612569","0.0","0.0","0.0","0.0","15997.868479741328","0.0","0.0","HBM","Function"
"69.0","Device","Unknown","loop_select_fusion.33","587.0","1054.517","1.796451448040886","1054.517","1.796451448040886","0.00013700533095467018","0.9967833620922115","0.0","0.0","0.02671934165120145","0.02671934165120145","0.2032219961454581","0.12244897959183673","0.0","HBM","Function"
"70.0","Device","add","jit(compute_Cell_spectrum_from_cosmo_params)/jit(main)/jit(compute_source_function)/jit(compute_source_term_isw)/vmap(while)/body/add","320.0","1038.331","3.2447843749999996","1038.331","3.2447843749999996","0.00013490240773310778","0.9969182644999446","0.0","0.0","0.003689574904341679","0.003689574904341679","0.018326316795456803","0.1875","0.0","HBM","Function"
"71.0","Device","scatter","jit(compute_Cell_spectrum_from_cosmo_params)/jit(main)/jit(evolve_background)/jit(evaluate_thermo)/while/body/scatter","1024.0","977.206","0.954302734375","977.206","0.954302734375","0.00012696090384592133","0.9970452254037905","0.0","0.0","0.04401119108969859","0.04401119108969859","0.14931567183393904","0.27450980392156865","0.0","HBM","Function"
"72.0","Device","select_n","jit(compute_Cell_spectrum_from_cosmo_params)/jit(main)/jit(compute_source_function)/jit(compute_source_term_isw)/vmap(while)/body/jit(_where)/select_n","320.0","916.768","2.8649","916.768","2.8649","0.00011910865661592091","0.9971643340604064","0.0","0.0","0.33997696254668575","0.33997696254668575","1.0220524886003226","0.3097964376590331","0.0","HBM","Function"
"73.0","Device","min","jit(compute_Cell_spectrum_from_cosmo_params)/jit(main)/jit(evolve_background)/jit(evaluate_thermo)/while/body/cond/branch_0_fun/cond/branch_0_fun/cond/branch_0_fun/jit(diffeqsolve)/min","877.0","897.924","1.0238586088939567","897.924","1.0238586088939567","0.00011666039977747277","0.9972809944601838","0.0","0.0","0.4040431038707062","0.4040431038707062","0.05268122492534934","7.142857142857143","0.0","HBM","Function"
"74.0","Device","add","jit(compute_Cell_spectrum_from_cosmo_params)/jit(main)/jit(compute_theta_ell)/vmap(while)/body/add","320.0","828.009","2.587528125","828.009","2.587528125","0.00010757687839877925","0.9973885713385826","0.0","0.0","0.0036883657061698603","0.0036883657061698603","0.01832031064316561","0.1875","0.0","HBM","Function"
"75.0","Device","cond","jit(compute_Cell_spectrum_from_cosmo_params)/jit(main)/jit(evolve_background)/jit(evaluate_thermo)/while/body/cond","1024.0","773.087","0.7549677734375","773.087","0.7549677734375","0.00010044128287334685","0.997489012621456","0.0","0.0","1703.3323080067314","1703.3323080067314","10.987608297941199","144.37644549230941","0.0","HBM","Function"
"76.0","Device","dynamic_update_slice","jit(compute_Cell_spectrum_from_cosmo_params)/jit(main)/jit(compute_source_function)/jit(compute_source_term_isw)/vmap(while)/body/dynamic_update_slice","320.0","763.23","2.3850937500000002","763.23","2.3850937500000002","9.916063823014036e-05","0.9975881732596861","0.0","0.0","0.0","0.0","0.8215621281096254","0.0","0.0","HBM","Function"
"77.0","Device","convert_element_type","jit(compute_Cell_spectrum_from_cosmo_params)/jit(main)/jit(evolve_background)/jit(evaluate_thermo)/while/body/cond/branch_0_fun/convert_element_type","919.0","762.465","0.8296681175190425","762.465","0.8296681175190425","9.906124762934367e-05","0.9976872345073154","0.0","0.0","0.0036159036808246937","0.0036159036808246937","0.005612621209312065","0.6","0.0","HBM","Function"
"78.0","Device","convert_element_type","jit(compute_Cell_spectrum_from_cosmo_params)/jit(main)/jit(evolve_background)/jit(evaluate_thermo)/while/body/cond/branch_0_fun/cond/branch_0_fun/convert_element_type","907.0","733.886","0.8091356119073869","733.886","0.8091356119073869","9.534819667487492e-05","0.9977825827039903","0.0","0.0","0.0037076603178150284","0.0037076603178150284","0.005755046254978559","0.6","0.0","HBM","Function"
"79.0","Device","concatenate","jit(compute_Cell_spectrum_from_cosmo_params)/jit(main)/jit(evolve_background)/jit(evaluate_thermo)/while/body/cond/branch_0_fun/cond/branch_0_fun/cond/branch_1_fun/concatenate","30.0","716.23","23.874333333333333","716.23","23.874333333333333","9.305428759295812e-05","0.9978756369915833","0.0","0.0","7.592672744788685","7.592672744788685","0.004681123757194927","1510.5833333333333","0.0","Compute","Function"
"80.0","Device","Unknown","call.624","750.0","705.158","0.9402106666666666","705.158","0.9402106666666666","9.161578728966277e-05","0.997967252778873","0.0","0.0","755.7508388191015","755.7508388191015","15.446585263749865","45.56656406310119","0.0","HBM","Function"
"81.0","Device","cond","jit(compute_Cell_spectrum_from_cosmo_params)/jit(main)/jit(evolve_background)/jit(evaluate_thermo)/while/body/cond/branch_0_fun/cond/branch_0_fun/cond","907.0","690.164","0.7609305402425579","690.164","0.7609305402425579","8.966773151404765e-05","0.9980569205103871","0.0","0.0","1689.976853327615","1689.976853327615","10.115747327927298","155.59044162129462","0.0","HBM","Function"
"82.0","Device","cond","jit(compute_Cell_spectrum_from_cosmo_params)/jit(main)/jit(evolve_background)/jit(evaluate_thermo)/while/body/cond/branch_0_fun/cond","919.0","688.558","0.7492470076169749","688.558","0.7492470076169749","8.94590762135516e-05","0.9981463795866007","0.0","0.0","1716.3338484194505","1716.3338484194505","10.747076595922591","148.73444367337498","0.0","HBM","Function"
"83.0","Device","cond","jit(compute_Cell_spectrum_from_cosmo_params)/jit(main)/jit(evolve_background)/jit(evaluate_thermo)/while/body/cond/branch_0_fun/cond/branch_0_fun/cond/branch_0_fun/jit(diffeqsolve)/jit(branched_error_if_impl)/cond","877.0","685.794","0.7819771949828962","685.794","0.7819771949828962","8.909997082714369e-05","0.9982354795574279","0.0","0.0","0.0","0.0","0.007390349654644738","0.0","0.0","HBM","Function"
"84.0","Device","cond","jit(compute_Cell_spectrum_from_cosmo_params)/jit(main)/jit(evolve_perturbations_batched)/vmap(jit(diffeqsolve))/outer-loop/while/body/checkpoint/cond/branch_1_fun/while/body/checkpoint/cond/branch_1_fun/while/body/cond","592.0","657.958","1.1114155405405406","657.958","1.1114155405405406","8.5483452181684e-05","0.9983209630096096","0.0","0.0","1675395.5690545598","1675395.5690545598","281188.6222180055","5.549064192439233","0.0","HBM","Function"
"85.0","Device","scatter","jit(compute_Cell_spectrum_from_cosmo_params)/jit(main)/jit(compute_theta_ell)/vmap(while)/body/scatter","317.0","619.528","1.9543470031545742","619.528","1.9543470031545742","8.049053611813267e-05","0.9984014535457277","0.0","0.0","838.5191242365155","838.5191242365155","126.86033823085106","6.155838779392074","0.0","HBM","Function"
"86.0","Device","reduce_or","jit(compute_Cell_spectrum_from_cosmo_params)/jit(main)/jit(evolve_perturbations_batched)/vmap(jit(diffeqsolve))/outer-loop/while/body/checkpoint/cond/branch_1_fun/while/body/checkpoint/cond/branch_1_fun/while/body/reduce_or","592.0","610.535","1.0313091216216215","610.535","1.0313091216216215","7.932214438876713e-05","0.9984807756901165","0.0","0.0","0.06690525522697306","0.06690525522697306","0.11739635785402511","0.5307692307692308","0.0","HBM","Function"
"87.0","Device","Unknown","call.598","224.0","608.572","2.716839285714286","608.572","2.716839285714286","7.90671068078993e-05","0.9985598427969244","0.0","0.0","0.0","0.0","16240.17150945701","0.0","0.0","HBM","Function"
"88.0","Device","select_n","jit(compute_Cell_spectrum_from_cosmo_params)/jit(main)/jit(compute_theta_ell)/vmap(while)/body/jit(_where)/select_n","320.0","590.707","1.845959375","590.707","1.845959375","7.674604395400013e-05","0.9986365888408785","0.0","0.0","27.065167671959195","27.065167671959195","100.75457020337163","0.2501762608660818","0.0","HBM","Function"
"89.0","Device","Unknown","copy.590","592.0","580.697","0.9809070945945946","580.697","0.9809070945945946","7.54455211906343e-05","0.9987120343620691","0.0","0.0","0.0","0.0","0.015191205442352572","0.0","0.0","HBM","Function"
"90.0","Device","convert_element_type","jit(compute_Cell_spectrum_from_cosmo_params)/jit(main)/jit(evolve_perturbations_batched)/vmap(jit(diffeqsolve))/outer-loop/while/body/checkpoint/cond/branch_1_fun/while/body/checkpoint/cond/branch_1_fun/while/body/convert_element_type","592.0","571.667","0.9656537162162163","571.667","0.9656537162162163","7.427232233417142e-05","0.9987863066844033","0.0","0.0","0.00932011118360864","0.00932011118360864","0.012537821029096874","0.6923076923076923","0.0","HBM","Function"
"91.0","Device","Unknown","copy.593","592.0","559.907","0.9457888513513514","559.907","0.9457888513513514","7.274443545133603e-05","0.9988590511198546","0.0","0.0","0.0","0.0","0.1260421809587351","0.0","0.0","HBM","Function"
"92.0","Device","add","jit(compute_Cell_spectrum_from_cosmo_params)/jit(main)/jit(evolve_perturbations_batched)/vmap(jit(diffeqsolve))/outer-loop/while/body/checkpoint/cond/branch_1_fun/while/body/checkpoint/cond/branch_1_fun/while/body/add","592.0","550.251","0.9294780405405405","550.251","0.9294780405405405","7.148990520128003e-05","0.9989305410250559","0.0","0.0","0.003227617941630274","0.003227617941630274","0.016031751740129163","0.1875","0.0","HBM","Function"
"93.0","Device","Unknown","call.632","182.0","492.037","2.7035","492.037","2.7035","6.392660528653691e-05","0.9989944676303424","0.0","0.0","0.0","0.0","16320.301817507183","0.0","0.0","HBM","Function"
"94.0","Device","dynamic_update_slice","jit(compute_Cell_spectrum_from_cosmo_params)/jit(main)/jit(compute_theta_ell)/vmap(while)/body/dynamic_update_slice","320.0","491.772","1.5367875","491.772","1.5367875","6.389217586273153e-05","0.9990583598062052","0.0","0.0","0.0","0.0","80.68586752713989","0.0","0.0","HBM","Function"
"95.0","Device","Unknown","copy.592","592.0","472.498","0.7981385135135135","472.498","0.7981385135135135","6.138805241207087e-05","0.9991197478586172","0.0","0.0","0.0","0.0","0.1493591494864793","0.0","0.0","HBM","Function"
"96.0","Device","Unknown","call.633","154.0","428.375","2.781655844155844","428.375","2.781655844155844","5.565548838729659e-05","0.9991754033470045","0.0","0.0","0.0","0.0","15861.752292732126","0.0","0.0","HBM","Function"
"97.0","Device","eigh","jit(compute_Cell_spectrum_from_cosmo_params)/jit(main)/jit(evolve_background)/vmap(jit(eigh))/eigh","53.0","415.443","7.838547169811321","415.443","7.838547169811321","5.397533250559359e-05","0.9992293786795101","0.0","0.0","0.0","0.0","0.0","0.0","0.0","Unknown","Function"
"98.0","Device","Unknown","loop_dynamic_slice_fusion.7","317.0","367.458","1.159173501577287","367.458","1.159173501577287","4.7741008349738506e-05","0.9992771196878598","0.0","0.0","0.010352203517136652","0.010352203517136652","105.3144873605942","9.1547146780592e-05","0.0","HBM","Function"
"99.0","Device","Unknown","copy.1670","381.0","355.421","0.9328635170603674","355.421","0.9328635170603674","4.617713297484994e-05","0.9993232968208347","0.0","0.0","0.0","0.0","0.015973570539883564","0.0","0.0","HBM","Function"
"100.0","Device","Unknown","copy.1669","377.0","350.618","0.9300212201591512","350.618","0.9300212201591512","4.5553115908671505e-05","0.9993688499367434","0.0","0.0","0.0","0.0","0.016022388383028156","0.0","0.0","HBM","Function"
"101.0","Device","scatter","jit(compute_Cell_spectrum_from_cosmo_params)/jit(main)/jit(compute_source_function)/jit(compute_source_term_isw)/vmap(while)/body/scatter","317.0","335.852","1.0594700315457413","335.852","1.0594700315457413","4.363468242976442e-05","0.9994124846191731","0.0","0.0","23.851547705536962","23.851547705536962","3.615514960630658","6.1439338682227085","0.0","HBM","Function"
"102.0","Device","Unknown","call.591","6.0","314.78","52.46333333333333","314.78","52.46333333333333","4.0896958586643056e-05","0.9994533815777598","0.0","0.0","79528.51530592795","79528.51530592795","1269.298738109027","58.35245825612829","0.0","HBM","Function"
"103.0","Device","Unknown","loop_dynamic_slice_fusion.4","317.0","299.222","0.9439179810725551","299.222","0.9439179810725551","3.8875626603381754e-05","0.9994922572043632","0.0","0.0","0.012712968966185642","0.012712968966185642","2.02856524804589","0.005836575875486381","0.0","HBM","Function"
"104.0","Device","Unknown","input_reduce_fusion.3","317.0","268.582","0.8472618296529968","268.582","0.8472618296529968","3.489480567735487e-05","0.9995271520100405","0.0","0.0","0.05665308918691498","0.05665308918691498","0.018686648228856784","2.823529411764706","0.0","HBM","Function"
"105.0","Device","Unknown","input_reduce_fusion.7","317.0","268.131","0.8458391167192428","268.131","0.8458391167192428","3.483621069570871e-05","0.9995619882207362","0.0","0.0","0.056748380455821965","0.056748380455821965","0.018718079426111915","2.823529411764706","0.0","HBM","Function"
"106.0","Device","Unknown","call.596","150.0","239.32","1.5954666666666666","239.32","1.5954666666666666","3.1093017755116e-05","0.9995930812384913","0.0","0.0","14.793790740431222","14.793790740431222","0.1844588418718606","74.69303797468355","0.0","HBM","Function"
"107.0","Device","scatter","jit(compute_Cell_spectrum_from_cosmo_params)/jit(main)/jit(evolve_background)/jit(evaluate_thermo)/while/body/cond/branch_0_fun/cond/branch_0_fun/cond/branch_1_fun/scatter","30.0","237.495","7.9165","237.495","7.9165","3.085590945909776e-05","0.9996239371479504","0.0","0.0","5.020653066380345","5.020653066380345","0.008470312053598742","552.0277777777778","0.0","Compute","Function"
"108.0","Device","Unknown","call.593","20.0","193.283","9.66415","193.283","9.66415","2.5111782344819015e-05","0.9996490489302952","0.0","0.0","158239.4114329765","158239.4114329765","17525.848055266033","8.408833375519107","0.0","HBM","Function"
"109.0","Device","Unknown","call.592","5.0","139.892","27.9784","139.892","27.9784","1.817509794333398e-05","0.9996672240282385","0.0","0.0","41242.778143138996","41242.778143138996","2105.5484993683513","18.242434375691655","0.0","HBM","Function"
"110.0","Device","Unknown","call.584","22.0","128.233","5.828772727272727","128.233","5.828772727272727","1.666033321825084e-05","0.9996838843614567","0.0","0.0","8943.379067790662","8943.379067790662","57.64103305412045","144.50072071672506","0.0","HBM","Function"
"111.0","Device","Unknown","loop_dynamic_slice_fusion.5","125.0","123.644","0.989152","123.644","0.989152","1.6064119535824687e-05","0.9996999484809925","0.0","0.0","0.012131603636245996","0.012131603636245996","4.835730750405497","0.002336448598130841","0.0","HBM","Function"
"112.0","Device","Unknown","loop_broadcast_reverse_fusion","1.0","123.609","123.609","123.609","123.609","1.6059572253435295e-05","0.999716008053246","0.0","0.0","18538.61747930976","18538.61747930976","323.42327293117813","53.383396946564886","0.0","HBM","Function"
"113.0","Device","Unknown","call.599","42.0","116.727","2.7792142857142856","116.727","2.7792142857142856","1.5165446613327036e-05","0.9997311734998593","0.0","0.0","0.0","0.0","15875.686948799235","0.0","0.0","HBM","Function"
"114.0","Device","concatenate","jit(compute_Cell_spectrum_from_cosmo_params)/jit(main)/jit(evolve_background)/jit(evaluate_thermo)/while/body/cond/branch_0_fun/cond/branch_1_fun/concatenate","12.0","106.995","8.91625","106.995","8.91625","1.3901042264368366e-05","0.9997450745421237","0.0","0.0","5.954969858404598","5.954969858404598","0.010027418159325494","553.0833333333334","0.0","Compute","Function"
"115.0","Device","Unknown","input_reduce_fusion.5","125.0","106.183","0.8494640000000001","106.183","0.8494640000000001","1.3795545312934495e-05","0.9997588700874366","0.0","0.0","0.05650622039309494","0.05650622039309494","0.018638204524809923","2.823529411764706","0.0","HBM","Function"
"116.0","Device","Unknown","call.581","6.0","102.804","17.134","102.804","17.134","1.3356537678827286e-05","0.9997722266251154","0.0","0.0","3422.9202754756625","3422.9202754756625","14.535676602292007","219.31162964624934","0.0","HBM","Function"
"117.0","Device","Unknown","call.573","7.0","98.773","14.11042857142857","98.773","14.11042857142857","1.2832820669923421e-05","0.9997850594457853","0.0","0.0","71196.47223431505","71196.47223431505","67.00645900543371","989.5595560336167","0.0","Compute","Function"
"118.0","Device","concatenate","jit(compute_Cell_spectrum_from_cosmo_params)/jit(main)/jit(evolve_background)/jit(evaluate_thermo)/while/body/cond/branch_1_fun/concatenate","105.0","97.557","0.9291142857142858","97.557","0.9291142857142858","1.267483508748058e-05","0.9997977342808728","0.0","0.0","0.45957747778221963","0.45957747778221963","0.06415211313812454","6.671875","0.0","HBM","Function"
"119.0","Device","div","jit(compute_Cell_spectrum_from_cosmo_params)/jit(main)/jit(compute_theta_ell)/div","1.0","84.869","84.869","84.869","84.869","1.1026380260149341e-05","0.999808760661133","0.0","0.0","64858.58591476275","64858.58591476275","458.8577569210173","131.64050146035424","0.0","HBM","Function"
"120.0","Device","div","jit(compute_Cell_spectrum_from_cosmo_params)/jit(main)/jit(evolve_background)/while/body/div","6.0","79.614","13.269","79.614","13.269","1.0343638289970775e-05","0.999819104299423","0.0","0.0","3.5378702238299797","3.5378702238299797","0.016845083872764705","195.6","0.0","HBM","Function"
"121.0","Device","Unknown","call.590","5.0","77.662","15.5324","77.662","15.5324","1.0090029854996738e-05","0.999829194329278","0.0","0.0","13742.72926270248","13742.72926270248","1525.744826115027","8.38863339407361","0.0","HBM","Function"
"122.0","Device","Unknown","call.567","101.0","76.317","0.7556138613861385","76.317","0.7556138613861385","9.915284288890139e-06","0.9998391096135668","0.0","0.0","78.84847412765177","78.84847412765177","4.105583095515548","17.886220354247975","0.0","HBM","Function"
"123.0","Device","pow","jit(compute_Cell_spectrum_from_cosmo_params)/jit(main)/jit(evolve_background)/jit(evaluate_thermo)/vmap(while)/body/pow","6.0","70.146","11.691","70.146","11.691","9.113533442463512e-06","0.9998482231470093","0.0","0.0","2.831408775981524","2.831408775981524","0.011471255730444692","229.875","0.0","HBM","Function"
"124.0","Device","scatter","jit(compute_Cell_spectrum_from_cosmo_params)/jit(main)/jit(compute_theta_ell)/scatter","1.0","67.69","67.69","67.69","67.69","8.794444141082243e-06","0.9998570175911503","0.0","0.0","253.51147880041364","253.51147880041364","584.2228199252527","0.404128279619728","0.0","HBM","Function"
"125.0","Device","add","jit(compute_Cell_spectrum_from_cosmo_params)/jit(main)/jit(evolve_perturbations_batched)/vmap(jit(diffeqsolve))/outer-loop/while/body/checkpoint/cond/branch_1_fun/while/body/add","48.0","64.895","1.3519791666666665","64.895","1.3519791666666665","8.431311161700873e-06","0.999865448902312","0.0","0.0","0.002218969103937129","0.002218969103937129","0.011021738767311618","0.1875","0.0","HBM","Function"
"126.0","Device","Unknown","call.583","11.0","59.781","5.434636363636364","59.781","5.434636363636364","7.766888243433854e-06","0.9998732157905554","0.0","0.0","3668.1703551295564","3668.1703551295564","27.071340180470717","126.19433823715595","0.0","HBM","Function"
"127.0","Device","cond","jit(compute_Cell_spectrum_from_cosmo_params)/jit(main)/jit(evolve_perturbations_batched)/vmap(jit(diffeqsolve))/outer-loop/while/body/checkpoint/cond/branch_1_fun/while/body/checkpoint/cond","48.0","56.965","1.1867708333333333","56.965","1.1867708333333333","7.401026894618851e-06","0.9998806168174501","0.0","0.0","1569014.6300359871","1569014.6300359871","300514.88950842037","4.862516952969559","0.0","HBM","Function"
"128.0","Device","reduce_or","jit(compute_Cell_spectrum_from_cosmo_params)/jit(main)/jit(evolve_perturbations_batched)/vmap(jit(diffeqsolve))/outer-loop/while/body/checkpoint/cond/branch_1_fun/while/body/checkpoint/reduce_or","48.0","54.856","1.1428333333333334","54.856","1.1428333333333334","7.127020650069546e-06","0.9998877438381002","0.0","0.0","0.060376257838704976","0.060376257838704976","0.10594014994896794","0.5307692307692308","0.0","HBM","Function"
"129.0","Device","Unknown","call.576","13.0","46.348","3.565230769230769","46.348","3.565230769230769","6.021641262385579e-06","0.9998937654793626","0.0","0.0","5077.5983861223785","5077.5983861223785","287.10254838800597","16.47105547609429","0.0","HBM","Function"
"130.0","Device","Unknown","call.582","45.0","42.029","0.9339777777777779","42.029","0.9339777777777779","5.460506615534726e-06","0.9998992259859781","0.0","0.0","11124.962763805943","11124.962763805943","224.09709856992285","46.2341057952442","0.0","HBM","Function"
"131.0","Device","div","jit(compute_Cell_spectrum_from_cosmo_params)/jit(main)/jit(evolve_background)/jit(evaluate_thermo)/vmap(while)/body/div","6.0","41.612","6.935333333333333","41.612","6.935333333333333","5.406328993923982e-06","0.9999046323149721","0.0","0.0","1956.00720945881","1956.00720945881","19.794924263998624","92.02731195050472","0.0","HBM","Function"
"132.0","Device","convert_element_type","jit(compute_Cell_spectrum_from_cosmo_params)/jit(main)/jit(evolve_perturbations_batched)/vmap(jit(diffeqsolve))/outer-loop/while/body/checkpoint/cond/branch_1_fun/while/body/checkpoint/convert_element_type","48.0","39.759","0.8283125","39.759","0.8283125","5.165582871994222e-06","0.9999097978978441","0.0","0.0","0.010865464423149476","0.010865464423149476","0.01461669776805399","0.6923076923076923","0.0","HBM","Function"
"133.0","Device","Unknown","call.585","5.0","39.535","7.906999999999999","39.535","7.906999999999999","5.1364802647021194e-06","0.9999149343781087","0.0","0.0","1249.2280257999241","1249.2280257999241","8.83242914193316","131.7230223502427","0.0","HBM","Function"
"134.0","Device","Unknown","copy.1667","37.0","34.322","0.9276216216216217","34.322","0.9276216216216217","4.459195033390822e-06","0.9999193935731422","0.0","0.0","0.0","0.0","0.0160638355623904","0.0","0.0","HBM","Function"
"135.0","Device","Unknown","call.571","13.0","33.425","2.571153846153846","33.425","2.571153846153846","4.342654681868429e-06","0.999923736227824","0.0","0.0","91583.19964098728","91583.19964098728","166.94271305914504","510.9147905781882","0.0","Compute","Function"
"136.0","Device","Unknown","call.570","11.0","32.211","2.928272727272727","32.211","2.928272727272727","4.184928944133552e-06","0.9999279211567682","0.0","0.0","361.93213498494305","361.93213498494305","4.081153768964764","82.59320448877806","0.0","HBM","Function"
"137.0","Device","dynamic_update_slice","jit(compute_Cell_spectrum_from_cosmo_params)/jit(main)/jit(evolve_background)/jit(evaluate_thermo)/vmap(while)/body/dynamic_update_slice","6.0","30.133","5.022166666666666","30.133","5.022166666666666","3.914950292557708e-06","0.9999318361070607","0.0","0.0","0.0","0.0","18.220827177795464","0.0","0.0","HBM","Function"
"138.0","Device","Unknown","call.568","13.0","30.131","2.3177692307692306","30.131","2.3177692307692306","3.914690447849742e-06","0.9999357507975085","0.0","0.0","5863.60963791444","5863.60963791444","46.519332329128844","117.39016342466226","0.0","HBM","Function"
"139.0","Device","concatenate","jit(compute_Cell_spectrum_from_cosmo_params)/jit(main)/jit(compute_theta_ell)/concatenate","1.0","27.318","27.318","27.318","27.318","3.549218866096687e-06","0.9999393000163747","0.0","0.0","38983.82019181492","38983.82019181492","1447.617427279375","25.08018424289194","0.0","HBM","Function"
"140.0","Device","Unknown","call.569","18.0","26.26","1.458888888888889","26.26","1.458888888888889","3.4117610155830956e-06","0.9999427117773902","0.0","0.0","22234.630921553693","22234.630921553693","110.34236095919466","187.66694436730538","0.0","HBM","Function"
"141.0","Device","Unknown","call.588","13.0","25.749","1.9806923076923075","25.749","1.9806923076923075","3.3453706926979862e-06","0.9999460571480829","0.0","0.0","13084.229135112044","13084.229135112044","217.24769169022503","56.090989368701734","0.0","HBM","Function"
"142.0","Device","Unknown","call.572","10.0","23.51","2.351","23.51","2.351","3.0544745421309436e-06","0.9999491116226251","0.0","0.0","29018.32752020417","29018.32752020417","99.10444765078772","272.69637375287795","0.0","HBM","Function"
"143.0","Device","Unknown","call.575","13.0","18.904","1.4541538461538461","18.904","1.4541538461538461","2.4560521796870843e-06","0.9999515676748048","0.0","0.0","18947.95387219636","18947.95387219636","251.79683279294963","70.08291958326551","0.0","HBM","Function"
"144.0","Device","scatter","jit(compute_Cell_spectrum_from_cosmo_params)/jit(main)/jit(evolve_background)/scatter","1.0","18.902","18.902","18.902","18.902","2.455792334979119e-06","0.9999540234671397","0.0","0.0","869.2785419532324","869.2785419532324","11.8873457645767","68.10424680018569","0.0","HBM","Function"
"145.0","Device","cond","jit(compute_Cell_spectrum_from_cosmo_params)/jit(main)/jit(evolve_perturbations_batched)/vmap(jit(diffeqsolve))/outer-loop/while/body/checkpoint/cond","16.0","17.627","1.1016875","17.627","1.1016875","2.290141333651303e-06","0.9999563136084734","0.0","0.0","1690189.757077211","1690189.757077211","403824.9951953036","3.898005063774133","0.0","HBM","Function"
"146.0","Device","Unknown","call.589","5.0","17.464","3.4928","17.464","3.4928","2.268963989952139e-06","0.9999585825724633","0.0","0.0","3556.5288593678424","3556.5288593678424","237.42752901414528","13.95068056241858","0.0","HBM","Function"
"147.0","Device","Unknown","call.587","9.0","17.177","1.9085555555555556","17.177","1.9085555555555556","2.231676274359133e-06","0.9999608142487376","0.0","0.0","19511.945508528846","19511.945508528846","296.65603344547475","61.255842720286346","0.0","HBM","Function"
"148.0","Device","Unknown","call.586","9.0","16.953","1.8836666666666666","16.953","1.8836666666666666","2.20257366706703e-06","0.9999630168224047","0.0","0.0","1168.2980003539196","1168.2980003539196","33.430706355618575","32.546793658305724","0.0","HBM","Function"
"149.0","Device","reduce_or","jit(compute_Cell_spectrum_from_cosmo_params)/jit(main)/jit(evolve_perturbations_batched)/vmap(jit(diffeqsolve))/outer-loop/while/body/checkpoint/reduce_or","16.0","16.507","1.0316875","16.507","1.0316875","2.1446282971907906e-06","0.9999651614507019","0.0","0.0","0.043617859090083","0.043617859090083","0.1164505842373749","0.3488372093023256","0.0","HBM","Function"
"150.0","Device","add","jit(compute_Cell_spectrum_from_cosmo_params)/jit(main)/jit(evolve_perturbations_batched)/vmap(jit(diffeqsolve))/outer-loop/while/body/add","16.0","15.419","0.9636875","15.419","0.9636875","2.003272776057721e-06","0.999967164723478","0.0","0.0","0.0031130423503469744","0.0031130423503469744","0.015462648621931543","0.1875","0.0","HBM","Function"
"151.0","Device","Unknown","call.577","5.0","14.842","2.9684","14.842","2.9684","1.92830757780976e-06","0.9999690930310559","0.0","0.0","28.855612451152137","28.855612451152137","2.799866141985086","9.598274316450022","0.0","HBM","Function"
"152.0","Device","Unknown","call.579","5.0","14.746","2.9492000000000003","14.746","2.9492000000000003","1.9158350318274305e-06","0.9999710088660877","0.0","0.0","29.043469415434693","29.043469415434693","2.8180939427195613","9.598274316450022","0.0","HBM","Function"
"153.0","Device","Unknown","call.578","5.0","14.745","2.949","14.745","2.949","1.9157051094734477e-06","0.9999729245711971","0.0","0.0","29.04543913190912","29.04543913190912","2.8182850647231366","9.598274316450022","0.0","HBM","Function"
"154.0","Device","Unknown","call.580","5.0","14.651","2.9302","14.651","2.9302","1.9034924081990833e-06","0.9999748280636054","0.0","0.0","29.231793051668827","29.231793051668827","2.8363670247315986","9.598274316450022","0.0","HBM","Function"
"155.0","Device","convert_element_type","jit(compute_Cell_spectrum_from_cosmo_params)/jit(main)/jit(evolve_perturbations_batched)/vmap(jit(diffeqsolve))/outer-loop/while/body/checkpoint/convert_element_type","16.0","13.212","0.82575","13.212","0.82575","1.716534140818121e-06","0.9999765445977462","0.0","0.0","0.010899182561307902","0.010899182561307902","0.014662056881624246","0.6923076923076923","0.0","HBM","Function"
"156.0","Device","reduce_sum","jit(compute_Cell_spectrum_from_cosmo_params)/jit(main)/jit(evolve_background)/reduce_sum","1.0","8.54","8.54","8.54","8.54","1.1095369030114102e-06","0.9999776541346492","0.0","0.0","1104.696955503513","1104.696955503513","2.680115174912178","383.875","0.0","Compute","Function"
"157.0","Device","sqrt","jit(compute_Cell_spectrum_from_cosmo_params)/jit(main)/jit(evolve_background)/jit(evaluate_thermo)/vmap(jit(<lambda>))/sqrt","1.0","6.973","6.973","6.973","6.973","9.059485743206749e-07","0.9999785600832235","0.0","0.0","5354.153449017639","5354.153449017639","7.116143234692771","700.7228228228229","0.0","Compute","Function"
"158.0","Device","slice","jit(compute_Cell_spectrum_from_cosmo_params)/jit(main)/jit(evolve_background)/slice","1.0","6.27","6.27","6.27","6.27","8.146131594709066e-07","0.999979374696383","0.0","0.0","0.022966507177033493","0.022966507177033493","0.06892084124746124","0.3103448275862069","0.0","HBM","Function"
"159.0","Device","min","jit(compute_Cell_spectrum_from_cosmo_params)/jit(main)/jit(evolve_perturbations_batched)/vmap(jit(diffeqsolve))/min","1.0","5.949","5.949","5.949","5.949","7.729080838424917e-07","0.9999801476044669","0.0","0.0","31.45318540931249","31.45318540931249","0.2730251420624297","107.29071100917432","0.0","HBM","Function"
"160.0","Device","cond","jit(compute_Cell_spectrum_from_cosmo_params)/jit(main)/jit(evolve_perturbations_batched)/cond","1.0","5.534","5.534","5.534","5.534","7.189903069397124e-07","0.9999808665947738","0.0","0.0","0.0","0.0","0.05654578696617289","0.0","0.0","HBM","Function"
"161.0","Device","Unknown","copy.1386","6.0","4.926","0.8210000000000001","4.926","0.8210000000000001","6.399975157182912e-07","0.9999815065922896","0.0","0.0","0.0","0.0","0.0181500136344064","0.0","0.0","HBM","Function"
"162.0","Device","Unknown","copy.1422","6.0","4.894","0.8156666666666667","4.894","0.8156666666666667","6.35840000390848e-07","0.99998214243229","0.0","0.0","0.0","0.0","0.018268689653266435","0.0","0.0","HBM","Function"
"163.0","Device","Unknown","copy.1431","6.0","4.894","0.8156666666666667","4.894","0.8156666666666667","6.35840000390848e-07","0.9999827782722904","0.0","0.0","0.0","0.0","0.018268689653266435","0.0","0.0","HBM","Function"
"164.0","Device","Unknown","copy.1413","6.0","4.892","0.8153333333333334","4.892","0.8153333333333334","6.355801556828828e-07","0.9999834138524462","0.0","0.0","0.0","0.0","0.0182761584552506","0.0","0.0","HBM","Function"
"165.0","Device","Unknown","copy.774","6.0","4.863","0.8105000000000001","4.863","0.8105000000000001","6.318124074173874e-07","0.9999840456648535","0.0","0.0","0.0","0.0","0.01838514644521611","0.0","0.0","HBM","Function"
"166.0","Device","Unknown","copy.810","6.0","4.863","0.8105000000000001","4.863","0.8105000000000001","6.318124074173874e-07","0.9999846774772609","0.0","0.0","0.0","0.0","0.01838514644521611","0.0","0.0","HBM","Function"
"167.0","Device","Unknown","copy.1395","6.0","4.862","0.8103333333333333","4.862","0.8103333333333333","6.316824850634048e-07","0.999985309159746","0.0","0.0","0.0","0.0","0.018388927841029603","0.0","0.0","HBM","Function"
"168.0","Device","Unknown","copy.1404","6.0","4.862","0.8103333333333333","4.862","0.8103333333333333","6.316824850634048e-07","0.9999859408422311","0.0","0.0","0.0","0.0","0.018388927841029603","0.0","0.0","HBM","Function"
"169.0","Device","Unknown","copy.783","6.0","4.862","0.8103333333333333","4.862","0.8103333333333333","6.316824850634048e-07","0.9999865725247162","0.0","0.0","0.0","0.0","0.018388927841029603","0.0","0.0","HBM","Function"
"170.0","Device","Unknown","copy.801","6.0","4.862","0.8103333333333333","4.862","0.8103333333333333","6.316824850634048e-07","0.9999872042072013","0.0","0.0","0.0","0.0","0.018388927841029603","0.0","0.0","HBM","Function"
"171.0","Device","Unknown","copy.819","6.0","4.832","0.8053333333333333","4.832","0.8053333333333333","6.277848144439267e-07","0.9999878319920158","0.0","0.0","0.0","0.0","0.01850309750891679","0.0","0.0","HBM","Function"
"172.0","Device","Unknown","copy.792","6.0","4.829","0.8048333333333333","4.829","0.8048333333333333","6.273950473819789e-07","0.9999884593870632","0.0","0.0","0.0","0.0","0.01851459249597969","0.0","0.0","HBM","Function"
"173.0","Device","scatter","jit(compute_Cell_spectrum_from_cosmo_params)/jit(main)/jit(evolve_perturbations_batched)/scatter","1.0","4.799","4.799","4.799","4.799","6.23497376762501e-07","0.9999890828844399","0.0","0.0","22.151281516982706","22.151281516982706","2.0617568311554164","10.006024096385541","0.0","HBM","Function"
"174.0","Device","Unknown","call.574","5.0","4.734","0.9468","4.734","0.9468","6.150524237536318e-07","0.9999896979368637","0.0","0.0","1902.4767638360795","1902.4767638360795","49.90661401108039","35.502700252286346","0.0","HBM","Function"
"175.0","Device","mul","jit(compute_Cell_spectrum_from_cosmo_params)/jit(main)/jit(compute_source_function)/jit(compute_source_term_isw)/mul","1.0","4.67","4.67","4.67","4.67","6.067373930987454e-07","0.9999903046742568","0.0","0.0","38524.98501070664","38524.98501070664","131.30252315349702","273.25589307411906","0.0","HBM","Function"
"176.0","Device","slice","jit(compute_Cell_spectrum_from_cosmo_params)/jit(main)/jit(evolve_background)/jit(evaluate_thermo)/slice","1.0","4.67","4.67","4.67","4.67","6.067373930987454e-07","0.9999909114116499","0.0","0.0","76.2423982869379","76.2423982869379","110.99131510650831","0.6397461513030229","0.0","HBM","Function"
"177.0","Device","scatter","jit(compute_Cell_spectrum_from_cosmo_params)/jit(main)/jit(compute_visibility_functions)/scatter","1.0","4.19","4.19","4.19","4.19","5.443746631870971e-07","0.9999914557863131","0.0","0.0","0.0","0.0","9.095398509132549","0.0","0.0","HBM","Function"
"178.0","Device","Unknown","copy.533","5.0","4.0","0.8","4.0","0.8","5.196894159304029e-07","0.999991975475729","0.0","0.0","0.0","0.0","0.14901161193847656","0.0","0.0","HBM","Function"
"179.0","Device","Unknown","copy.534","5.0","3.999","0.7998000000000001","3.999","0.7998000000000001","5.195594935764203e-07","0.9999924950352226","0.0","0.0","0.0","0.0","0.14904887415701581","0.0","0.0","HBM","Function"
"180.0","Device","Unknown","copy.531","5.0","3.997","0.7994","3.997","0.7994","5.192996488684551e-07","0.9999930143348714","0.0","0.0","0.0","0.0","0.018640431816171695","0.0","0.0","HBM","Function"
"181.0","Device","div","jit(compute_Cell_spectrum_from_cosmo_params)/jit(main)/jit(evolve_background)/div","1.0","3.871","3.871","3.871","3.871","5.029294322666475e-07","0.9999935172643036","0.0","0.0","0.3960216998191682","0.3960216998191682","0.0635156702915232","5.806818181818182","0.0","HBM","Function"
"182.0","Device","cond","jit(compute_Cell_spectrum_from_cosmo_params)/jit(main)/jit(evolve_perturbations_batched)/vmap(jit(diffeqsolve))/jit(branched_error_if_impl)/cond","1.0","3.582","3.582","3.582","3.582","4.653818719656758e-07","0.9999939826461756","0.0","0.0","0.0","0.0","6912.965670702246","0.0","0.0","HBM","Function"
"183.0","Device","convert_element_type","jit(compute_Cell_spectrum_from_cosmo_params)/jit(main)/jit(evolve_perturbations_batched)/vmap(jit(diffeqsolve))/jit(branched_error_if_impl)/convert_element_type","1.0","3.582","3.582","3.582","3.582","4.653818719656758e-07","0.9999944480280475","0.0","0.0","12.850921273031826","12.850921273031826","10.684989538357819","1.1201090130426319","0.0","HBM","Function"
"184.0","Device","min","jit(compute_Cell_spectrum_from_cosmo_params)/jit(main)/jit(evolve_background)/jit(evaluate_thermo)/vmap(jit(<lambda>))/jit(clip)/min","1.0","3.103","3.103","3.103","3.103","4.031490644080101e-07","0.9999948511771118","0.0","0.0","2746.5797615211086","2746.5797615211086","14.74268928943355","173.5064535830619","0.0","HBM","Function"
"185.0","Device","Unknown","copy.1666","3.0","2.782","0.9273333333333333","2.782","0.9273333333333333","3.6144398877959525e-07","0.9999952126211006","0.0","0.0","0.0","0.0","0.01606882946856325","0.0","0.0","HBM","Function"
"186.0","Device","scatter","jit(compute_Cell_spectrum_from_cosmo_params)/jit(main)/jit(compute_time_derivatives)/scatter","1.0","2.495","2.495","2.495","2.495","3.2415627318658886e-07","0.9999955367773737","0.0","0.0","0.0","0.0","244.62988476953905","0.0","0.0","HBM","Function"
"187.0","Device","concatenate","jit(compute_Cell_spectrum_from_cosmo_params)/jit(main)/jit(evolve_background)/concatenate","1.0","2.495","2.495","2.495","2.495","3.2415627318658886e-07","0.9999958609336469","0.0","0.0","7.387575150300601","7.387575150300601","18.329324129827036","0.375366568914956","0.0","HBM","Function"
"188.0","Device","scatter","jit(compute_Cell_spectrum_from_cosmo_params)/jit(main)/jit(compute_source_function)/jit(compute_source_term_isw)/scatter","1.0","2.304","2.304","2.304","2.304","2.9934110357591206e-07","0.9999961602747505","0.0","0.0","112.0","112.0","264.084923805462","0.39497948937733424","0.0","HBM","Function"
"189.0","Device","exp","jit(compute_Cell_spectrum_from_cosmo_params)/jit(main)/jit(evolve_perturbations_batched)/exp","1.0","2.271","2.271","2.271","2.271","2.9505366589448627e-07","0.9999964553284164","0.0","0.0","1.5402906208718625","1.5402906208718625","0.019684492990551725","72.875","0.0","HBM","Function"
"190.0","Device","slice","jit(compute_Cell_spectrum_from_cosmo_params)/jit(main)/jit(compute_theta_ell)/slice","1.0","2.143","2.143","2.143","2.143","2.7842360458471333e-07","0.999996733752021","0.0","0.0","5724.2697153523095","5724.2697153523095","285.256760063652","18.688922947542903","0.0","HBM","Function"
"191.0","Device","reduce_sum","jit(compute_Cell_spectrum_from_cosmo_params)/jit(main)/jit(evolve_perturbations_batched)/reduce_sum","1.0","1.887","1.887","1.887","1.887","2.451634819651676e-07","0.999996978915503","0.0","0.0","14.647058823529411","14.647058823529411","4.054979476969143","3.36404576436222","0.0","HBM","Function"
"192.0","Device","reduce_max","jit(compute_Cell_spectrum_from_cosmo_params)/jit(main)/jit(evolve_perturbations_batched)/vmap(jit(diffeqsolve))/jit(branched_error_if_impl)/reduce_max","1.0","1.536","1.536","1.536","1.536","1.9956073571727474e-07","0.9999971784762387","0.0","0.0","0.185546875","0.185546875","0.16249638671676317","1.0634328358208955","0.0","HBM","Function"
"193.0","Device","cond","jit(compute_Cell_spectrum_from_cosmo_params)/jit(main)/jit(evolve_perturbations_batched)/vmap(jit(diffeqsolve))/cond","1.0","1.023","1.023","1.023","1.023","1.3291056812420053e-07","0.9999973113868068","0.0","0.0","8648.516129032258","8648.516129032258","43158.79541874398","0.1866261147871541","0.0","HBM","Function"
"194.0","Device","div","jit(compute_Cell_spectrum_from_cosmo_params)/jit(main)/jit(compute_time_derivatives)/div","1.0","0.991","0.991","0.991","0.991","1.2875305279675732e-07","0.9999974401398596","0.0","0.0","2864.406659939455","2864.406659939455","11.548024012991926","231.008056640625","0.0","HBM","Function"
"195.0","Device","mul","jit(compute_Cell_spectrum_from_cosmo_params)/jit(main)/jit(evolve_perturbations_batched)/vmap(jit(diffeqsolve))/mul","1.0","0.96","0.96","0.96","0.96","1.247254598232967e-07","0.9999975648653194","0.0","0.0","259.525","259.525","42.28204488754272","5.716409691629956","0.0","HBM","Function"
"196.0","Device","Unknown","copy.981","1.0","0.959","0.959","0.959","0.959","1.245955374693141e-07","0.9999976894608569","0.0","0.0","0.0","0.0","0.015538228565013197","0.0","0.0","HBM","Function"
"197.0","Device","Unknown","copy_fusion.17","1.0","0.959","0.959","0.959","0.959","1.245955374693141e-07","0.9999978140563943","0.0","0.0","6.412930135557873","6.412930135557873","15.926684279138525","0.375","0.0","HBM","Function"
"198.0","Device","Unknown","copy.1051","1.0","0.928","0.928","0.928","0.928","1.205679444958535e-07","0.9999979346243388","0.0","0.0","0.0","0.0","0.016057285769232387","0.0","0.0","HBM","Function"
"199.0","Device","reduce_sum","jit(compute_Cell_spectrum_from_cosmo_params)/jit(main)/jit(evolve_background)/jit(evaluate_thermo)/reduce_sum","1.0","0.928","0.928","0.928","0.928","1.205679444958535e-07","0.9999980551922834","0.0","0.0","106.92995689655173","106.92995689655173","24.639905012887098","4.041666666666667","0.0","HBM","Function"
"200.0","Device","Unknown","copy.980","1.0","0.927","0.927","0.927","0.927","1.2043802214187088e-07","0.9999981756303055","0.0","0.0","0.0","0.0","0.016074607544603724","0.0","0.0","HBM","Function"
"201.0","Device","Unknown","copy.1369","1.0","0.864","0.864","0.864","0.864","1.1225291384096703e-07","0.9999982878832193","0.0","0.0","0.0","0.0","8.795824315812853","0.0","0.0","HBM","Function"
"202.0","Device","Unknown","copy.851","1.0","0.864","0.864","0.864","0.864","1.1225291384096703e-07","0.9999984001361332","0.0","0.0","0.0","0.0","17.660635489004626","0.0","0.0","HBM","Function"
"203.0","Device","Unknown","copy_fusion.9","1.0","0.864","0.864","0.864","0.864","1.1225291384096703e-07","0.999998512389047","0.0","0.0","7.118055555555555","7.118055555555555","17.67788220334936","0.375","0.0","HBM","Function"
"204.0","Device","Unknown","copy.1187","1.0","0.863","0.863","0.863","0.863","1.1212299148698443e-07","0.9999986245120385","0.0","0.0","0.0","0.0","17.681099724797217","0.0","0.0","HBM","Function"
"205.0","Device","Unknown","copy.1354","1.0","0.863","0.863","0.863","0.863","1.1212299148698443e-07","0.9999987366350299","0.0","0.0","0.0","0.0","8.806016464498615","0.0","0.0","HBM","Function"
"206.0","Device","Unknown","copy.1214","1.0","0.832","0.832","0.832","0.832","1.080953985135238e-07","0.9999988447304284","0.0","0.0","0.0","0.0","18.339890700120193","0.0","0.0","HBM","Function"
"207.0","Device","Unknown","copy.860","1.0","0.832","0.832","0.832","0.832","1.080953985135238e-07","0.999998952825827","0.0","0.0","0.0","0.0","18.339890700120193","0.0","0.0","HBM","Function"
"208.0","Device","Unknown","copy_fusion.10","1.0","0.832","0.832","0.832","0.832","1.080953985135238e-07","0.9999990609212255","0.0","0.0","7.391826923076923","7.391826923076923","18.357800749632027","0.375","0.0","HBM","Function"
"209.0","Device","Unknown","copy.1205","1.0","0.831","0.831","0.831","0.831","1.079654761595412e-07","0.9999991688867016","0.0","0.0","0.0","0.0","18.361960364019254","0.0","0.0","HBM","Function"
"210.0","Device","Unknown","copy.878","1.0","0.831","0.831","0.831","0.831","1.079654761595412e-07","0.9999992768521777","0.0","0.0","0.0","0.0","18.361960364019254","0.0","0.0","HBM","Function"
"211.0","Device","Unknown","copy.1038","1.0","0.8","0.8","0.8","0.8","1.0393788318608059e-07","0.9999993807900609","0.0","0.0","0.0","0.0","0.01862645149230957","0.0","0.0","HBM","Function"
"212.0","Device","Unknown","copy.983","1.0","0.8","0.8","0.8","0.8","1.0393788318608059e-07","0.9999994847279441","0.0","0.0","0.0","0.0","0.01862645149230957","0.0","0.0","HBM","Function"
"213.0","Device","Unknown","copy.988","1.0","0.8","0.8","0.8","0.8","1.0393788318608059e-07","0.9999995886658273","0.0","0.0","0.0","0.0","0.01862645149230957","0.0","0.0","HBM","Function"
"214.0","Device","Unknown","copy.989","1.0","0.8","0.8","0.8","0.8","1.0393788318608059e-07","0.9999996926037105","0.0","0.0","0.0","0.0","0.01862645149230957","0.0","0.0","HBM","Function"
"215.0","Device","Unknown","copy.992","1.0","0.8","0.8","0.8","0.8","1.0393788318608059e-07","0.9999997965415937","0.0","0.0","0.0","0.0","0.01862645149230957","0.0","0.0","HBM","Function"
"216.0","Device","Unknown","copy.993","1.0","0.799","0.799","0.799","0.799","1.03807960832098e-07","0.9999999003495544","0.0","0.0","0.0","0.0","0.01864976369693073","0.0","0.0","HBM","Function"
"217.0","Device","Unknown","copy.995","1.0","0.767","0.767","0.767","0.767","9.965044550465476e-08","0.9999999999999999","0.0","0.0","0.0","0.0","0.01942785031792393","0.0","0.0","HBM","Function"
"218.0","Host","IDLE","IDLE","0.0","0.0","0.0","0.0","0.0","0.0","0.0","0.0","0.0","0.0","0.0","0.0","0.0","0.0","Unknown","Function"
