"Rank","Kernel Name","Registers per thread","Shared Mem bytes","Block dim","Grid dim","Theoretical Occupancy %","Op is TensorCore eligible","Kernel uses TensorCore","Op Name","Occurrences","Total Duration (μs)","Avg Duration (μs)","Min Duration (μs)","Max Duration (μs)"
"1.0","void trsv_ln_exec_up<double, 32u, 32u, 4u, false>(int, double const*, long, double*, long, int*)","64.0","9992.0","32,4,1","1,1,1","50.0","False","False","jit(evolve_background)/jit(evaluate_thermo)/while/body/closed_call/cond/branch_0_fun/cond/branch_0_fun/cond/branch_0_fun/jit(diffeqsolve)/outer-loop/while/body/jit(lu_solve)/jit(_lu_solve)/triangular_solve:","8488.0","38504.623","4.536","4.383","4.673"
"2.0","void trsv_ln_exec<double, 32u, 32u, 4u, true>(int, double const*, long, double*, long, int*)","48.0","9992.0","32,4,1","1,1,1","62.5","False","False","jit(evolve_background)/jit(evaluate_thermo)/while/body/closed_call/cond/branch_0_fun/cond/branch_0_fun/cond/branch_0_fun/jit(diffeqsolve)/outer-loop/while/body/jit(lu_solve)/jit(_lu_solve)/triangular_solve:","8488.0","35259.26","4.154","4.032","4.353"
"3.0","loop_add_fusion","16.0","0.0","1,1,1","1,1,1","1.5625","False","False","jit(evolve_background)/while/body/add:","20959.0","30342.461","1.447","1.375","1.568"
"4.0","input_concatenate_fusion_8","80.0","0.0","1,1,1","1,1,1","1.1718800067901611","False","False","jit(evolve_background)/jit(evaluate_thermo)/while/body/closed_call/cond/branch_0_fun/cond/branch_0_fun/cond/branch_0_fun/jit(diffeqsolve)/outer-loop/while/body/jvp()/concatenate:","4244.0","26256.467","6.186","5.951","6.784"
"5.0","loop_add_compare_divide_exponential_multiply_power_sqrt_fusion_1","110.0","0.0","1,1,1","1,1,1","0.78125","False","False","XlaModule","2220.0","25158.922","11.332","11.136","12.065"
"6.0","loop_gather_fusion_6","76.0","0.0","3,1,1","1,1,1","3.515619993209839","False","False","jit(evolve_background)/jit(evaluate_thermo)/while/body/closed_call/cond/branch_0_fun/cond/branch_0_fun/cond/branch_0_fun/jit(diffeqsolve)/outer-loop/while/body/jit(lu_solve)/jit(_lu_solve)/gather:","2122.0","24897.046","11.732","11.487","12.288"
"7.0","input_concatenate_fusion_7","94.0","0.0","1,1,1","1,1,1","0.9765620231628418","False","False","jit(evolve_background)/jit(evaluate_thermo)/while/body/closed_call/cond/branch_0_fun/cond/branch_0_fun/cond/branch_0_fun/jit(diffeqsolve)/outer-loop/while/body/concatenate:","2122.0","21702.214","10.227","10.016","10.657"
"8.0","loop_add_fusion_36","64.0","0.0","1,1,1","1,1,1","1.5625","False","False","jit(evolve_background)/jit(evaluate_thermo)/while/body/closed_call/cond/branch_0_fun/cond/branch_0_fun/cond/branch_0_fun/jit(diffeqsolve)/outer-loop/while/body/jvp()/add_any:","4244.0","18378.62","4.33","4.255","4.48"
"9.0","loop_dynamic_update_slice_fusion_9","25.0","0.0","1,1,1","1,1,1","1.5625","False","False","jit(evolve_background)/while/body/closed_call/scatter:","8168.0","15849.54","1.94","1.887","2.177"
"10.0","loop_dynamic_update_slice_fusion_8","25.0","0.0","1,1,1","1,1,1","1.5625","False","False","jit(evolve_background)/while/body/closed_call/scatter:","8168.0","15486.28","1.895","1.855","2.145"
"11.0","loop_gather_fusion_4","72.0","0.0","3,1,1","1,1,1","4.101560115814209","False","False","jit(evolve_background)/jit(evaluate_thermo)/while/body/closed_call/cond/branch_0_fun/cond/branch_0_fun/cond/branch_0_fun/jit(diffeqsolve)/outer-loop/while/body/jit(lu_solve)/jit(_lu_solve)/gather:","2122.0","14695.121","6.925","6.655","7.553"
"12.0","loop_add_multiply_subtract_fusion_1","24.0","0.0","1,1,1","1,1,1","1.5625","False","False","jit(evolve_background)/while/body/closed_call/mul:","8168.0","14576.7","1.784","1.728","1.92"
"13.0","input_concatenate_fusion_9","124.0","0.0","3,1,1","1,1,1","2.34375","False","False","XlaModule","2220.0","14329.433","6.454","6.207","7.073"
"14.0","loop_multiply_fusion_1","16.0","0.0","1,1,1","1,1,1","1.5625","False","False","jit(evolve_background)/while/body/closed_call/mul:","8168.0","13887.524","1.7","1.663","1.76"
"15.0","loop_dynamic_update_slice_fusion_10","16.0","0.0","1,1,1","1,1,1","1.5625","False","False","jit(evolve_background)/while/body/closed_call/scatter:","8168.0","13886.682","1.7","1.663","1.825"
"16.0","input_concatenate_fusion_10","80.0","0.0","3,1,1","1,1,1","3.515619993209839","False","False","jit(evolve_background)/jit(evaluate_thermo)/while/body/closed_call/cond/branch_0_fun/cond/branch_0_fun/cond/branch_0_fun/concatenate:","877.0","13733.426","15.659","15.455","16.192"
"17.0","loop_divide_fusion_10","16.0","0.0","1,1,1","1,1,1","1.5625","False","False","XlaModule","8880.0","12775.879","1.438","1.28","1.6"
"18.0","void getrf_pivot<getrf_params_<double, 32, 1, 32, 32, 1> >(int, int, int, void*, int, long*, int, getrf_params_<double, 32, 1, 32, 32, 1>::data_type*, unsigned int*, unsigned int*, getrf_params_<double, 32, 1, 32, 32, 1>::data_type*, unsigned int, unsigned int, unsigned int, int*)","21.0","408.0","32,1,1","3,1,1","50.0","False","False","jit(evolve_background)/jit(evaluate_thermo)/while/body/closed_call/cond/branch_0_fun/cond/branch_0_fun/cond/branch_0_fun/jit(diffeqsolve)/outer-loop/while/body/jit(lu_factor)/lu:","2122.0","12002.036","5.656","5.28","5.92"
"19.0","dtrsv_init_up(int*, int)","16.0","0.0","1,1,1","1,1,1","1.5625","False","False","jit(evolve_background)/jit(evaluate_thermo)/while/body/closed_call/cond/branch_0_fun/cond/branch_0_fun/cond/branch_0_fun/jit(diffeqsolve)/outer-loop/while/body/jit(lu_solve)/jit(_lu_solve)/triangular_solve:","8488.0","11371.98","1.339","1.247","1.44"
"20.0","dtrsv_init(int*)","16.0","0.0","1,1,1","1,1,1","1.5625","False","False","jit(evolve_background)/jit(evaluate_thermo)/while/body/closed_call/cond/branch_0_fun/cond/branch_0_fun/cond/branch_0_fun/jit(diffeqsolve)/outer-loop/while/body/jit(lu_solve)/jit(_lu_solve)/triangular_solve:","8488.0","11364.42","1.338","1.247","1.44"
"21.0","loop_select_fusion_2","16.0","0.0","1,1,1","1,1,1","1.5625","False","False","jit(evolve_background)/while/body/closed_call/jit(_where)/select_n:","6144.0","10850.673","1.766","1.663","1.825"
"22.0","loop_add_divide_multiply_sqrt_fusion_1","48.0","0.0","1,1,1","1,1,1","1.5625","False","False","XlaModule","2220.0","10350.851","4.662","4.608","5.152"
"23.0","loop_add_select_subtract_fusion_1","80.0","0.0","1,1,1","1,1,1","1.1718800067901611","False","False","jit(evolve_background)/jit(evaluate_thermo)/while/body/closed_call/cond/branch_0_fun/cond/branch_0_fun/cond/branch_0_fun/jit(diffeqsolve)/outer-loop/while/body/jvp()/add_any:","2122.0","10151.251","4.783","4.735","4.833"
"24.0","loop_select_fusion_21","64.0","0.0","3,1,1","1,1,1","4.6875","False","False","XlaModule","2220.0","9008.182","4.057","4.031","4.192"
"25.0","loop_gather_fusion_7","46.0","0.0","3,1,1","1,1,1","4.6875","False","False","jit(evolve_background)/jit(evaluate_thermo)/while/body/closed_call/cond/branch_0_fun/cond/branch_0_fun/cond/branch_0_fun/jit(diffeqsolve)/outer-loop/while/body/jit(lu_solve)/jit(_lu_solve)/gather:","2122.0","8347.098","3.933","3.776","4.257"
"26.0","loop_divide_power_select_fusion_1","36.0","0.0","1,1,1","1,1,1","1.5625","False","False","XlaModule","2220.0","7118.823","3.206","3.137","3.265"
"27.0","loop_divide_select_fusion_1","51.0","0.0","3,1,1","1,1,1","4.6875","False","False","jit(evolve_background)/jit(evaluate_thermo)/while/body/closed_call/cond/branch_0_fun/cond/branch_0_fun/cond/branch_0_fun/jit(diffeqsolve)/outer-loop/while/body/jit(_where)/select_n:","2122.0","6492.929","3.059","3.008","3.105"
"28.0","loop_divide_fusion_16","20.0","0.0","1,1,1","1,1,1","1.5625","False","False","XlaModule","4440.0","6460.711","1.455","1.312","1.537"
"29.0","void ipiv_lower_small<double, 32>(int, void*, int, long*, int, int)","22.0","128.0","32,1,1","3,1,1","50.0","False","False","jit(evolve_background)/jit(evaluate_thermo)/while/body/closed_call/cond/branch_0_fun/cond/branch_0_fun/cond/branch_0_fun/jit(diffeqsolve)/outer-loop/while/body/jit(lu_factor)/lu:","2122.0","6082.756","2.866","2.751","2.944"
"30.0","loop_minimum_select_fusion_1","30.0","0.0","1,1,1","1,1,1","1.5625","False","False","jit(evolve_background)/jit(evaluate_thermo)/while/body/closed_call/cond/branch_0_fun/cond/branch_0_fun/cond/branch_0_fun/jit(diffeqsolve)/outer-loop/while/body/jit(_where)/select_n:","2122.0","5743.545","2.706","2.687","2.753"
"31.0","loop_select_fusion_22","16.0","0.0","1,1,1","1,1,1","1.5625","False","False","jit(evolve_background)/jit(evaluate_thermo)/while/body/closed_call/cond/branch_0_fun/cond/branch_0_fun/cond/branch_0_fun/jit(diffeqsolve)/jit(_where)/select_n:","877.0","5558.792","6.338","6.272","6.433"
"32.0","loop_select_fusion_3","16.0","0.0","1,1,1","1,1,1","1.5625","False","False","jit(evolve_background)/while/body/closed_call/jit(_where)/select_n:","3072.0","5553.381","1.807","1.695","1.888"
"33.0","loop_add_fusion_37","60.0","0.0","1,1,1","1,1,1","1.5625","False","False","jit(evolve_background)/jit(evaluate_thermo)/while/body/closed_call/cond/branch_0_fun/cond/branch_0_fun/cond/branch_0_fun/jit(diffeqsolve)/outer-loop/while/body/jvp()/add_any:","2122.0","5396.023","2.542","2.496","2.593"
"34.0","loop_and_fusion_1","16.0","0.0","1,1,1","1,1,1","1.5625","False","False","jit(evolve_background)/jit(evaluate_thermo)/while/body/closed_call/cond/branch_0_fun/cond/branch_0_fun/cond/branch_0_fun/jit(diffeqsolve)/outer-loop/while/cond/and:","3127.0","4951.931","1.583","1.535","1.697"
"35.0","jax::cuda::(anonymous namespace)::LuPivotsToPermutationKernel(int const*, int*, long, int, int)","32.0","0.0","128,1,1","1,1,1","100.0","False","False","jit(evolve_background)/jit(evaluate_thermo)/while/body/closed_call/cond/branch_0_fun/cond/branch_0_fun/cond/branch_0_fun/jit(diffeqsolve)/outer-loop/while/body/jit(lu_solve)/lu_pivots_to_permutation:","2122.0","4849.326","2.285","2.24","2.337"
"36.0","loop_multiply_fusion_13","28.0","0.0","1,1,1","1,1,1","1.5625","False","False","XlaModule","2220.0","4538.85","2.044","2.015","2.08"
"37.0","loop_multiply_fusion_14","28.0","0.0","1,1,1","1,1,1","1.5625","False","False","XlaModule","2220.0","4454.425","2.006","1.888","2.112"
"38.0","loop_gather_fusion_5","24.0","0.0","3,1,1","1,1,1","4.6875","False","False","jit(evolve_background)/jit(evaluate_thermo)/while/body/closed_call/cond/branch_0_fun/cond/branch_0_fun/cond/branch_0_fun/jit(diffeqsolve)/outer-loop/while/body/jit(lu_solve)/jit(_lu_solve)/gather:","2122.0","4312.053","2.032","1.92","2.08"
"39.0","void create_pivot_v2<32>(int, int*, long*, int)","36.0","128.0","32,1,1","1,1,1","50.0","False","False","jit(evolve_background)/jit(evaluate_thermo)/while/body/closed_call/cond/branch_0_fun/cond/branch_0_fun/cond/branch_0_fun/jit(diffeqsolve)/outer-loop/while/body/jit(lu_factor)/lu:","2122.0","3871.517","1.824","1.76","1.92"
"40.0","loop_log_fusion_1","20.0","0.0","1,1,1","1,1,1","1.5625","False","False","XlaModule","2220.0","3719.165","1.675","1.663","1.729"
"41.0","loop_select_fusion_20","16.0","0.0","9,1,1","1,1,1","14.0625","False","False","jit(evolve_background)/jit(evaluate_thermo)/while/body/closed_call/cond/branch_0_fun/cond/branch_0_fun/cond/branch_0_fun/jit(diffeqsolve)/outer-loop/while/body/jit(lu_factor)/lu:","2122.0","3508.741","1.653","1.631","1.697"
"42.0","loop_divide_fusion_12","16.0","0.0","1,1,1","1,1,1","1.5625","False","False","XlaModule","2220.0","3345.391","1.506","1.471","1.537"
"43.0","void ipiv_lower_diag<double, 32>(int, void*, int, int*, int)","22.0","0.0","32,1,1","3,1,1","50.0","False","False","jit(evolve_background)/jit(evaluate_thermo)/while/body/closed_call/cond/branch_0_fun/cond/branch_0_fun/cond/branch_0_fun/jit(diffeqsolve)/outer-loop/while/body/jit(lu_factor)/lu:","2122.0","3334.766","1.571","1.471","1.665"
"44.0","loop_add_fusion","16.0","0.0","1,1,1","1,1,1","1.5625","False","False","jit(evolve_background)/jit(evaluate_thermo)/while/body/closed_call/cond/branch_0_fun/cond/branch_0_fun/cond/branch_0_fun/jit(diffeqsolve)/outer-loop/while/body/add:","2122.0","3277.194","1.544","1.503","1.569"
"45.0","loop_divide_fusion_14","16.0","0.0","1,1,1","1,1,1","1.5625","False","False","XlaModule","2220.0","3268.244","1.472","1.44","1.537"
"46.0","loop_add_fusion_34","16.0","0.0","3,1,1","1,1,1","4.6875","False","False","jit(evolve_background)/jit(evaluate_thermo)/while/body/closed_call/cond/branch_0_fun/cond/branch_0_fun/cond/branch_0_fun/jit(diffeqsolve)/outer-loop/while/body/jit(lu_factor)/lu:","2122.0","3190.918","1.503","1.44","1.6"
"47.0","void ipiv_64_to_32_ker<128>(long, long const*, int*)","16.0","0.0","128,1,1","1,1,1","100.0","False","False","jit(evolve_background)/jit(evaluate_thermo)/while/body/closed_call/cond/branch_0_fun/cond/branch_0_fun/cond/branch_0_fun/jit(diffeqsolve)/outer-loop/while/body/jit(lu_factor)/lu:","2122.0","3083.599","1.453","1.375","1.537"
"48.0","loop_dynamic_update_slice_fusion_5","25.0","0.0","1,1,1","1,1,1","1.5625","False","False","jit(evolve_background)/while/body/closed_call/scatter:","1527.0","2959.715","1.938","1.887","2.176"
"49.0","loop_dynamic_update_slice_fusion_4","25.0","0.0","1,1,1","1,1,1","1.5625","False","False","jit(evolve_background)/while/body/closed_call/scatter:","1527.0","2899.172","1.898","1.855","2.144"
"50.0","xxtrf4_set_info_ker(int, int*)","16.0","0.0","1,1,1","1,1,1","1.5625","False","False","jit(evolve_background)/jit(evaluate_thermo)/while/body/closed_call/cond/branch_0_fun/cond/branch_0_fun/cond/branch_0_fun/jit(diffeqsolve)/outer-loop/while/body/jit(lu_factor)/lu:","2122.0","2831.285","1.334","1.247","1.409"
"51.0","loop_add_multiply_subtract_fusion","24.0","0.0","1,1,1","1,1,1","1.5625","False","False","jit(evolve_background)/while/body/closed_call/mul:","1527.0","2723.947","1.783","1.76","1.92"
"52.0","loop_select_fusion","16.0","0.0","1,1,1","1,1,1","1.5625","False","False","jit(evolve_background)/while/body/closed_call/jit(_where)/select_n:","1536.0","2702.75","1.759","1.663","1.824"
"53.0","loop_dynamic_update_slice_fusion_6","16.0","0.0","1,1,1","1,1,1","1.5625","False","False","jit(evolve_background)/while/body/closed_call/scatter:","1527.0","2601.117","1.703","1.567","1.825"
"54.0","loop_multiply_fusion","16.0","0.0","1,1,1","1,1,1","1.5625","False","False","jit(evolve_background)/while/body/closed_call/mul:","1527.0","2598.847","1.701","1.663","1.856"
"55.0","input_concatenate_fusion_11","18.0","0.0","2,1,1","1,1,1","3.125","False","False","XlaModule","1024.0","2328.481","2.273","2.175","2.496"
"56.0","loop_add_fusion_39","26.0","0.0","1,1,1","1,1,1","1.5625","False","False","jit(evolve_background)/jit(evaluate_thermo)/while/body/closed_call/cond/branch_0_fun/cond/branch_0_fun/cond/branch_0_fun/add:","877.0","1956.394","2.23","2.207","2.272"
"57.0","loop_add_compare_divide_dynamic_slice_fusion","26.0","0.0","1,1,1","1,1,1","1.5625","False","False","XlaModule","1024.0","1852.335","1.808","1.76","1.889"
"58.0","loop_dynamic_update_slice_fusion_55","16.0","0.0","6,1,1","1,1,1","9.375","False","False","jit(evolve_background)/jit(evaluate_thermo)/while/body/closed_call/scatter:","1024.0","1851.993","1.808","1.663","1.857"
"59.0","void trsv_ln_exec_up<double, 32u, 32u, 4u, false>(int, double const*, long, double*, long, int*)","64.0","9992.0","32,4,1","1,1,1","50.0","False","False","jit(evolve_background)/jit(evaluate_thermo)/while/body/closed_call/cond/branch_0_fun/cond/branch_0_fun/cond/branch_1_fun/jit(diffeqsolve)/outer-loop/while/body/jit(lu_solve)/jit(_lu_solve)/triangular_solve:","392.0","1775.687","4.529","4.383","4.64"
"60.0","wrapped_log","20.0","0.0","1,1,1","1,1,1","1.5625","False","False","jit(evolve_background)/jit(evaluate_thermo)/while/body/closed_call/cond/branch_0_fun/cond/branch_0_fun/cond/branch_0_fun/log:","877.0","1682.375","1.918","1.887","1.953"
"61.0","void trsv_ln_exec<double, 32u, 32u, 4u, true>(int, double const*, long, double*, long, int*)","48.0","9992.0","32,4,1","1,1,1","62.5","False","False","jit(evolve_background)/jit(evaluate_thermo)/while/body/closed_call/cond/branch_0_fun/cond/branch_0_fun/cond/branch_1_fun/jit(diffeqsolve)/outer-loop/while/body/jit(lu_solve)/jit(_lu_solve)/triangular_solve:","392.0","1626.544","4.149","4.032","4.289"
"62.0","loop_and_fusion_2","16.0","0.0","1,1,1","1,1,1","1.5625","False","False","XlaModule","1024.0","1555.45","1.518","1.471","1.568"
"63.0","loop_abs_compare_fusion_1","16.0","0.0","1,1,1","1,1,1","1.5625","False","False","jit(evolve_background)/jit(evaluate_thermo)/while/body/closed_call/cond/branch_0_fun/cond/branch_0_fun/cond/branch_0_fun/jit(diffeqsolve)/lt:","877.0","1525.889","1.739","1.696","1.761"
"64.0","input_reduce_fusion","16.0","0.0","2,1,1","1,1,1","3.125","False","False","XlaModule","1024.0","1504.539","1.469","1.407","1.505"
"65.0","memcpy32_post","16.0","0.0","256,1,1","1,1,1","100.0","False","False","XlaModule","1075.0","1493.145","1.388","1.216","1.536"
"66.0","loop_minimum_multiply_select_fusion_1","20.0","0.0","1,1,1","1,1,1","1.5625","False","False","jit(evolve_background)/jit(evaluate_thermo)/while/body/closed_call/cond/branch_0_fun/cond/branch_0_fun/cond/branch_0_fun/jit(diffeqsolve)/min:","877.0","1480.202","1.687","1.663","1.729"
"67.0","wrapped_slice_5","16.0","0.0","3,1,1","1,1,1","4.6875","False","False","jit(evolve_background)/jit(evaluate_thermo)/while/body/closed_call/cond/branch_0_fun/cond/branch_0_fun/cond/branch_0_fun/slice:","877.0","1358.998","1.549","1.535","1.569"
"68.0","loop_gather_fusion_6","76.0","0.0","3,1,1","1,1,1","3.515619993209839","False","False","jit(evolve_background)/jit(evaluate_thermo)/while/body/closed_call/cond/branch_0_fun/cond/branch_0_fun/cond/branch_1_fun/jit(diffeqsolve)/outer-loop/while/body/jit(lu_solve)/jit(_lu_solve)/gather:","98.0","1141.8","11.651","11.488","12.609"
"69.0","input_concatenate_fusion_8","80.0","0.0","1,1,1","1,1,1","1.1718800067901611","False","False","jit(evolve_background)/jit(evaluate_thermo)/while/body/closed_call/cond/branch_0_fun/cond/branch_0_fun/cond/branch_1_fun/jit(diffeqsolve)/outer-loop/while/body/jvp()/concatenate:","196.0","1056.384","5.389","5.247","6.24"
"70.0","input_concatenate_fusion_7","94.0","0.0","1,1,1","1,1,1","0.9765620231628418","False","False","jit(evolve_background)/jit(evaluate_thermo)/while/body/closed_call/cond/branch_0_fun/cond/branch_0_fun/cond/branch_1_fun/jit(diffeqsolve)/outer-loop/while/body/concatenate:","98.0","996.862","10.172","10.048","11.072"
"71.0","loop_select_fusion_1","16.0","0.0","1,1,1","1,1,1","1.5625","False","False","jit(evolve_background)/while/body/closed_call/jit(_where)/select_n:","512.0","917.761","1.792","1.695","1.984"
"72.0","loop_add_fusion_36","64.0","0.0","1,1,1","1,1,1","1.5625","False","False","jit(evolve_background)/jit(evaluate_thermo)/while/body/closed_call/cond/branch_0_fun/cond/branch_0_fun/cond/branch_1_fun/jit(diffeqsolve)/outer-loop/while/body/jvp()/add_any:","196.0","769.089","3.923","3.84","4.32"
"73.0","loop_gather_fusion_4","72.0","0.0","3,1,1","1,1,1","4.101560115814209","False","False","jit(evolve_background)/jit(evaluate_thermo)/while/body/closed_call/cond/branch_0_fun/cond/branch_0_fun/cond/branch_1_fun/jit(diffeqsolve)/outer-loop/while/body/jit(lu_solve)/jit(_lu_solve)/gather:","98.0","598.335","6.105","5.952","6.944"
"74.0","void getrf_pivot<getrf_params_<double, 32, 1, 32, 32, 1> >(int, int, int, void*, int, long*, int, getrf_params_<double, 32, 1, 32, 32, 1>::data_type*, unsigned int*, unsigned int*, getrf_params_<double, 32, 1, 32, 32, 1>::data_type*, unsigned int, unsigned int, unsigned int, int*)","21.0","408.0","32,1,1","3,1,1","50.0","False","False","jit(evolve_background)/jit(evaluate_thermo)/while/body/closed_call/cond/branch_0_fun/cond/branch_0_fun/cond/branch_1_fun/jit(diffeqsolve)/outer-loop/while/body/jit(lu_factor)/lu:","98.0","554.813","5.661","5.344","5.856"
"75.0","dtrsv_init_up(int*, int)","16.0","0.0","1,1,1","1,1,1","1.5625","False","False","jit(evolve_background)/jit(evaluate_thermo)/while/body/closed_call/cond/branch_0_fun/cond/branch_0_fun/cond/branch_1_fun/jit(diffeqsolve)/outer-loop/while/body/jit(lu_solve)/jit(_lu_solve)/triangular_solve:","392.0","525.131","1.339","1.248","1.409"
"76.0","dtrsv_init(int*)","16.0","0.0","1,1,1","1,1,1","1.5625","False","False","jit(evolve_background)/jit(evaluate_thermo)/while/body/closed_call/cond/branch_0_fun/cond/branch_0_fun/cond/branch_1_fun/jit(diffeqsolve)/outer-loop/while/body/jit(lu_solve)/jit(_lu_solve)/triangular_solve:","392.0","524.652","1.338","1.248","1.409"
"77.0","input_concatenate_fusion_10","80.0","0.0","3,1,1","1,1,1","3.515619993209839","False","False","XlaModule","30.0","443.141","14.771","14.592","15.68"
"78.0","loop_add_select_subtract_fusion_1","80.0","0.0","1,1,1","1,1,1","1.1718800067901611","False","False","jit(evolve_background)/jit(evaluate_thermo)/while/body/closed_call/cond/branch_0_fun/cond/branch_0_fun/cond/branch_1_fun/jit(diffeqsolve)/outer-loop/while/body/jvp()/add_any:","98.0","432.235","4.41","4.32","4.8"
"79.0","loop_gather_fusion_7","46.0","0.0","3,1,1","1,1,1","4.6875","False","False","jit(evolve_background)/jit(evaluate_thermo)/while/body/closed_call/cond/branch_0_fun/cond/branch_0_fun/cond/branch_1_fun/jit(diffeqsolve)/outer-loop/while/body/jit(lu_solve)/jit(_lu_solve)/gather:","98.0","375.74","3.834","3.807","4.096"
"80.0","void ipiv_lower_small<double, 32>(int, void*, int, long*, int, int)","22.0","128.0","32,1,1","3,1,1","50.0","False","False","jit(evolve_background)/jit(evaluate_thermo)/while/body/closed_call/cond/branch_0_fun/cond/branch_0_fun/cond/branch_1_fun/jit(diffeqsolve)/outer-loop/while/body/jit(lu_factor)/lu:","98.0","279.586","2.852","2.751","2.912"
"81.0","loop_divide_select_fusion_1","51.0","0.0","3,1,1","1,1,1","4.6875","False","False","jit(evolve_background)/jit(evaluate_thermo)/while/body/closed_call/cond/branch_0_fun/cond/branch_0_fun/cond/branch_1_fun/jit(diffeqsolve)/outer-loop/while/body/jit(_where)/select_n:","98.0","277.858","2.835","2.527","3.233"
"82.0","loop_minimum_select_fusion_1","30.0","0.0","1,1,1","1,1,1","1.5625","False","False","jit(evolve_background)/jit(evaluate_thermo)/while/body/closed_call/cond/branch_0_fun/cond/branch_0_fun/cond/branch_1_fun/jit(diffeqsolve)/outer-loop/while/body/jit(_where)/select_n:","98.0","265.02","2.704","2.687","2.72"
"83.0","loop_add_fusion_37","60.0","0.0","1,1,1","1,1,1","1.5625","False","False","jit(evolve_background)/jit(evaluate_thermo)/while/body/closed_call/cond/branch_0_fun/cond/branch_0_fun/cond/branch_1_fun/jit(diffeqsolve)/outer-loop/while/body/jvp()/add_any:","98.0","248.864","2.539","2.527","2.56"
"84.0","jax::cuda::(anonymous namespace)::LuPivotsToPermutationKernel(int const*, int*, long, int, int)","32.0","0.0","128,1,1","1,1,1","100.0","False","False","jit(evolve_background)/jit(evaluate_thermo)/while/body/closed_call/cond/branch_0_fun/cond/branch_0_fun/cond/branch_1_fun/jit(diffeqsolve)/outer-loop/while/body/jit(lu_solve)/lu_pivots_to_permutation:","98.0","223.772","2.283","2.271","2.304"
"85.0","loop_gather_fusion_5","24.0","0.0","3,1,1","1,1,1","4.6875","False","False","jit(evolve_background)/jit(evaluate_thermo)/while/body/closed_call/cond/branch_0_fun/cond/branch_0_fun/cond/branch_1_fun/jit(diffeqsolve)/outer-loop/while/body/jit(lu_solve)/jit(_lu_solve)/gather:","98.0","199.327","2.033","1.92","2.08"
"86.0","loop_select_fusion_22","16.0","0.0","1,1,1","1,1,1","1.5625","False","False","jit(evolve_background)/jit(evaluate_thermo)/while/body/closed_call/cond/branch_0_fun/cond/branch_0_fun/cond/branch_1_fun/jit(diffeqsolve)/jit(_where)/select_n:","30.0","189.887","6.329","6.273","6.369"
"87.0","void create_pivot_v2<32>(int, int*, long*, int)","36.0","128.0","32,1,1","1,1,1","50.0","False","False","jit(evolve_background)/jit(evaluate_thermo)/while/body/closed_call/cond/branch_0_fun/cond/branch_0_fun/cond/branch_1_fun/jit(diffeqsolve)/outer-loop/while/body/jit(lu_factor)/lu:","98.0","178.234","1.818","1.76","1.888"
"88.0","input_concatenate_fusion","20.0","0.0","2,1,1","1,1,1","3.125","False","False","jit(evolve_background)/jit(evaluate_thermo)/while/body/closed_call/cond/branch_1_fun/concatenate:","105.0","162.112","1.543","1.535","1.569"
"89.0","loop_select_fusion_20","16.0","0.0","9,1,1","1,1,1","14.0625","False","False","jit(evolve_background)/jit(evaluate_thermo)/while/body/closed_call/cond/branch_0_fun/cond/branch_0_fun/cond/branch_1_fun/jit(diffeqsolve)/outer-loop/while/body/jit(lu_factor)/lu:","98.0","161.923","1.652","1.631","1.695"
"90.0","void ipiv_lower_diag<double, 32>(int, void*, int, int*, int)","22.0","0.0","32,1,1","3,1,1","50.0","False","False","jit(evolve_background)/jit(evaluate_thermo)/while/body/closed_call/cond/branch_0_fun/cond/branch_0_fun/cond/branch_1_fun/jit(diffeqsolve)/outer-loop/while/body/jit(lu_factor)/lu:","98.0","153.858","1.569","1.503","1.664"
"91.0","loop_add_fusion","16.0","0.0","1,1,1","1,1,1","1.5625","False","False","jit(evolve_background)/jit(evaluate_thermo)/while/body/closed_call/cond/branch_0_fun/cond/branch_0_fun/cond/branch_1_fun/jit(diffeqsolve)/outer-loop/while/body/add:","98.0","151.042","1.541","1.535","1.568"
"92.0","loop_add_fusion_34","16.0","0.0","3,1,1","1,1,1","4.6875","False","False","jit(evolve_background)/jit(evaluate_thermo)/while/body/closed_call/cond/branch_0_fun/cond/branch_0_fun/cond/branch_1_fun/jit(diffeqsolve)/outer-loop/while/body/jit(lu_factor)/lu:","98.0","147.456","1.504","1.44","1.569"
"93.0","void ipiv_64_to_32_ker<128>(long, long const*, int*)","16.0","0.0","128,1,1","1,1,1","100.0","False","False","jit(evolve_background)/jit(evaluate_thermo)/while/body/closed_call/cond/branch_0_fun/cond/branch_0_fun/cond/branch_1_fun/jit(diffeqsolve)/outer-loop/while/body/jit(lu_factor)/lu:","98.0","142.177","1.45","1.376","1.536"
"94.0","xxtrf4_set_info_ker(int, int*)","16.0","0.0","1,1,1","1,1,1","1.5625","False","False","jit(evolve_background)/jit(evaluate_thermo)/while/body/closed_call/cond/branch_0_fun/cond/branch_0_fun/cond/branch_1_fun/jit(diffeqsolve)/outer-loop/while/body/jit(lu_factor)/lu:","98.0","130.656","1.333","1.247","1.409"
"95.0","loop_dynamic_update_slice_fusion_53","44.0","0.0","1,1,1","1,1,1","1.5625","False","False","XlaModule","30.0","111.135","3.704","3.647","3.905"
"96.0","loop_add_divide_fusion","32.0","0.0","1,1,1","1,1,1","1.5625","False","False","jit(evolve_background)/while/body/closed_call/div:","36.0","86.306","2.397","2.304","2.592"
"97.0","void syevbj_batch_32x16<double, double>(long, int const*, int const*, int const*, long, double const*, long, double, double*, int*, double, int)","38.0","21120.0","32,16,1","1,1,1","75.0","False","False","jit(evolve_background)/vmap(jit(eigh))/eigh:","5.0","82.272","16.454","12.96","17.344"
"98.0","loop_divide_fusion","25.0","0.0","128,1,1","8,1,1","100.0","False","False","jit(evolve_background)/jit(evaluate_thermo)/vmap()/while/body/closed_call/div:","36.0","78.432","2.178","2.08","2.208"
"99.0","loop_add_power_fusion","26.0","0.0","1,1,1","1,1,1","1.5625","False","False","jit(evolve_background)/jit(evaluate_thermo)/vmap()/while/body/closed_call/pow:","36.0","74.11","2.058","2.016","2.209"
"100.0","loop_concatenate_fusion","60.0","0.0","6,1,1","1,1,1","9.375","False","False","jit(evolve_background)/jit(evaluate_thermo)/while/body/closed_call/cond/branch_0_fun/cond/branch_1_fun/concatenate:","12.0","66.209","5.517","5.44","5.984"
"101.0","loop_dynamic_update_slice_fusion_54","27.0","0.0","1,1,1","1,1,1","1.5625","False","False","XlaModule","30.0","63.996","2.133","2.111","2.145"
"102.0","loop_add_fusion_39","26.0","0.0","1,1,1","1,1,1","1.5625","False","False","XlaModule","30.0","59.453","1.981","1.951","2.016"
"103.0","loop_abs_compare_fusion_1","16.0","0.0","1,1,1","1,1,1","1.5625","False","False","jit(evolve_background)/jit(evaluate_thermo)/while/body/closed_call/cond/branch_0_fun/cond/branch_0_fun/cond/branch_1_fun/jit(diffeqsolve)/lt:","30.0","52.417","1.747","1.727","1.856"
"104.0","loop_minimum_multiply_select_fusion_1","20.0","0.0","1,1,1","1,1,1","1.5625","False","False","jit(evolve_background)/jit(evaluate_thermo)/while/body/closed_call/cond/branch_0_fun/cond/branch_0_fun/cond/branch_1_fun/jit(diffeqsolve)/min:","30.0","50.558","1.685","1.663","1.697"
"105.0","wrapped_log","20.0","0.0","1,1,1","1,1,1","1.5625","False","False","XlaModule","30.0","50.236","1.674","1.663","1.696"
"106.0","loop_add_fusion","16.0","0.0","1,1,1","1,1,1","1.5625","False","False","jit(evolve_background)/jit(searchsorted)/while/body/add:","33.0","48.002","1.454","1.376","1.505"
"107.0","wrapped_slice_5","16.0","0.0","3,1,1","1,1,1","4.6875","False","False","jit(evolve_background)/jit(evaluate_thermo)/while/body/closed_call/cond/branch_0_fun/cond/branch_0_fun/cond/branch_1_fun/slice:","30.0","46.338","1.544","1.535","1.569"
"108.0","void row_rotate_batch_32x16_phase1<double>(long, int const*, int const*, long, double*, long, double const*, int*)","64.0","24576.0","32,16,1","1,1,1","50.0","False","False","jit(evolve_background)/vmap(jit(eigh))/eigh:","5.0","31.84","6.368","6.368","6.368"
"109.0","void column_rotate_batch<double, 5, 3>(long, int const*, int const*, long, double*, long, double*, long, double const*, int*)","126.0","16384.0","32,8,1","1,2,1","25.0","False","False","jit(evolve_background)/vmap(jit(eigh))/eigh:","5.0","31.008","6.201","6.176","6.304"
"110.0","loop_select_fusion_5","16.0","0.0","128,1,1","8,1,1","100.0","False","False","jit(evolve_background)/jit(searchsorted)/vmap()/while/body/closed_call/jit(_where)/select_n:","11.0","24.385","2.216","2.176","2.273"
"111.0","loop_select_fusion_4","16.0","0.0","1,1,1","1,1,1","1.5625","False","False","jit(evolve_background)/jit(searchsorted)/while/body/closed_call/jit(_where)/select_n:","11.0","19.424","1.765","1.728","1.888"
"112.0","loop_select_fusion_7","16.0","0.0","1,1,1","1,1,1","1.5625","False","False","jit(evolve_background)/jit(searchsorted)/while/body/closed_call/jit(_where)/select_n:","11.0","19.042","1.731","1.696","1.857"
"113.0","loop_select_fusion_6","16.0","0.0","1,1,1","1,1,1","1.5625","False","False","jit(evolve_background)/jit(searchsorted)/while/body/closed_call/jit(_where)/select_n:","11.0","18.688","1.698","1.664","1.76"
"114.0","loop_reduce_window_fusion_19","26.0","0.0","64,1,1","1,1,1","100.0","False","False","XlaModule","9.0","17.694","1.966","1.92","2.015"
"115.0","loop_add_fusion","16.0","0.0","1,1,1","1,1,1","1.5625","False","False","jit(evolve_background)/jit(searchsorted)/vmap()/while/body/add:","11.0","16.517","1.501","1.472","1.505"
"116.0","loop_pad_fusion_8","16.0","0.0","128,1,1","8,1,1","100.0","False","False","jit(evolve_background)/scatter:","8.0","15.584","1.948","1.856","2.016"
"117.0","loop_reduce_window_fusion_1","24.0","0.0","128,1,1","8,1,1","100.0","False","False","XlaModule","8.0","14.432","1.804","1.728","1.92"
"118.0","memcpy_post","16.0","0.0","256,1,1","1,1,1","100.0","False","False","XlaModule","10.0","13.6","1.36","1.344","1.376"
"119.0","void offA_stage1<double, double, 5, 3>(long, long, double const*, unsigned long, double*)","20.0","2048.0","32,8,1","1,1,1","100.0","False","False","jit(evolve_background)/vmap(jit(eigh))/eigh:","6.0","12.897","2.149","2.112","2.24"
"120.0","void offA_stage2<double, 5, 3>(long, double*)","20.0","2048.0","32,8,1","1,1,1","100.0","False","False","jit(evolve_background)/vmap(jit(eigh))/eigh:","6.0","12.129","2.021","1.984","2.177"
"121.0","void syevj_parallel_order_set_kernel<512>(long, int*)","62.0","0.0","512,1,1","1,1,1","50.0","False","False","jit(evolve_background)/vmap(jit(eigh))/eigh:","2.0","11.807","5.903","1.407","10.4"
"122.0","memcpy32_post","16.0","0.0","256,1,1","8,1,1","100.0","False","False","XlaModule","7.0","10.815","1.545","1.503","1.632"
"123.0","input_concatenate_fusion_20","20.0","0.0","128,1,1","8,1,1","100.0","False","False","XlaModule","7.0","10.656","1.522","1.504","1.536"
"124.0","loop_slice_fusion_14","16.0","0.0","128,1,1","48,1,1","100.0","False","False","jit(evolve_background)/jit(evaluate_thermo)/vmap()/slice:","5.0","10.176","2.035","2.016","2.08"
"125.0","input_multiply_reduce_fusion","80.0","32.0","64,1,1","1,1,1","37.5","False","False","XlaModule","1.0","10.016","10.016","10.016","10.016"
"126.0","loop_slice_fusion","18.0","0.0","1,1,1","1,1,1","1.5625","False","False","XlaModule","7.0","9.922","1.417","1.376","1.44"
"127.0","void row_rotate_batch_32x32_phase2<double>(long, int const*, int const*, long, double*, long, int*)","32.0","8448.0","32,32,1","1,1,1","100.0","False","False","jit(evolve_background)/vmap(jit(eigh))/eigh:","5.0","9.152","1.83","1.824","1.856"
"128.0","input_concatenate_fusion_29","16.0","0.0","128,1,1","8,1,1","100.0","False","False","XlaModule","6.0","8.8","1.466","1.407","1.504"
"129.0","loop_multiply_subtract_fusion","72.0","0.0","128,1,1","8,1,1","43.75","False","False","XlaModule","1.0","7.648","7.648","7.648","7.648"
"130.0","loop_slice_fusion_19","16.0","0.0","6,1,1","1,1,1","9.375","False","False","XlaModule","5.0","7.264","1.452","1.376","1.536"
"131.0","input_concatenate_fusion_21","32.0","0.0","128,1,1","4,1,1","100.0","False","False","XlaModule","3.0","6.944","2.314","2.24","2.464"
"132.0","loop_multiply_fusion_16","58.0","0.0","128,1,1","8,1,1","50.0","False","False","XlaModule","1.0","6.464","6.464","6.464","6.464"
"133.0","loop_add_divide_multiply_subtract_fusion","60.0","0.0","1,1,1","1,1,1","1.5625","False","False","XlaModule","1.0","6.207","6.207","6.207","6.207"
"134.0","wrapped_slice_8","16.0","0.0","1,1,1","1,1,1","1.5625","False","False","jit(evolve_background)/slice:","4.0","6.176","1.544","1.504","1.568"
"135.0","loop_pad_fusion_11","16.0","0.0","128,1,1","4,1,1","100.0","False","False","jit(evolve_background)/scatter:","3.0","5.92","1.973","1.952","2.016"
"136.0","wrapped_slice_8","16.0","0.0","1,1,1","1,1,1","1.5625","False","False","XlaModule","4.0","5.569","1.392","1.376","1.408"
"137.0","loop_multiply_pad_fusion","38.0","0.0","128,1,1","8,1,1","75.0","False","False","jit(evolve_background)/scatter:","1.0","5.504","5.504","5.504","5.504"
"138.0","loop_slice_fusion_6","64.0","0.0","1,1,1","1,1,1","1.5625","False","False","XlaModule","3.0","5.376","1.792","1.6","1.92"
"139.0","input_reduce_fusion_2","40.0","0.0","256,1,1","128,1,1","75.0","False","False","XlaModule","1.0","5.249","5.249","5.249","5.249"
"140.0","loop_reduce_window_fusion_10","24.0","0.0","128,1,1","4,1,1","100.0","False","False","XlaModule","3.0","5.026","1.675","1.664","1.697"
"141.0","wrapped_slice","16.0","0.0","1,1,1","1,1,1","1.5625","False","False","jit(evolve_background)/slice:","3.0","4.48","1.493","1.472","1.504"
"142.0","memcpy32_post","16.0","0.0","256,1,1","4,1,1","100.0","False","False","XlaModule","3.0","4.416","1.472","1.408","1.504"
"143.0","input_concatenate_fusion_26","16.0","0.0","128,1,1","4,1,1","100.0","False","False","XlaModule","3.0","4.386","1.462","1.44","1.473"
"144.0","loop_multiply_pad_slice_fusion","62.0","0.0","128,1,1","8,1,1","50.0","False","False","jit(evolve_background)/scatter:","1.0","4.288","4.288","4.288","4.288"
"145.0","void batch_FnrmA_stage1<double, double, 8>(long, long, double const*, unsigned long, long long, double*, long long, int)","32.0","2048.0","256,1,1","8,1,1","100.0","False","False","jit(evolve_background)/vmap(jit(eigh))/eigh:","1.0","4.191","4.191","4.191","4.191"
"146.0","loop_add_fusion_40","80.0","0.0","128,1,1","8,1,1","37.5","False","False","XlaModule","1.0","4.032","4.032","4.032","4.032"
"147.0","loop_add_multiply_power_select_slice_fusion","40.0","0.0","128,1,1","8,1,1","75.0","False","False","XlaModule","1.0","4.0","4.0","4.0","4.0"
"148.0","loop_sqrt_fusion","38.0","0.0","128,1,1","128,1,1","75.0","False","False","XlaModule","1.0","3.935","3.935","3.935","3.935"
"149.0","loop_divide_select_fusion_2","44.0","0.0","128,1,1","8,1,1","62.5","False","False","jit(evolve_background)/jit(_where)/select_n:","1.0","3.776","3.776","3.776","3.776"
"150.0","loop_multiply_pad_slice_fusion_2","50.0","0.0","128,1,1","4,1,1","56.25","False","False","jit(evolve_background)/scatter:","1.0","3.744","3.744","3.744","3.744"
"151.0","void bubble_sort_onewarp_ascend_kernel<double>(int, double*, int*)","24.0","384.0","32,1,1","1,1,1","50.0","False","False","jit(evolve_background)/vmap(jit(eigh))/eigh:","1.0","3.585","3.585","3.585","3.585"
"152.0","loop_sqrt_fusion_1","38.0","0.0","128,1,1","64,1,1","75.0","False","False","XlaModule","1.0","3.487","3.487","3.487","3.487"
"153.0","loop_sqrt_fusion_3","38.0","0.0","128,1,1","16,1,1","75.0","False","False","XlaModule","1.0","3.487","3.487","3.487","3.487"
"154.0","input_concatenate_fusion_12","30.0","0.0","128,1,1","4,1,1","100.0","False","False","XlaModule","1.0","3.456","3.456","3.456","3.456"
"155.0","input_reduce_fusion_3","42.0","0.0","32,1,1","1,1,1","50.0","False","False","XlaModule","1.0","3.424","3.424","3.424","3.424"
"156.0","loop_sqrt_fusion_2","38.0","0.0","128,1,1","32,1,1","75.0","False","False","XlaModule","1.0","3.424","3.424","3.424","3.424"
"157.0","input_reduce_fusion_4","42.0","0.0","16,1,1","1,1,1","25.0","False","False","XlaModule","1.0","3.328","3.328","3.328","3.328"
"158.0","input_reduce_fusion_5","42.0","0.0","8,1,1","1,1,1","12.5","False","False","XlaModule","1.0","3.296","3.296","3.296","3.296"
"159.0","input_reduce_fusion_6","42.0","0.0","4,1,1","1,1,1","6.25","False","False","XlaModule","1.0","3.296","3.296","3.296","3.296"
"160.0","input_reduce_fusion_7","42.0","0.0","2,1,1","1,1,1","3.125","False","False","XlaModule","1.0","3.296","3.296","3.296","3.296"
"161.0","void batch_FnrmA_stage2<double, 8>(long, double*, long long, double*, int)","32.0","2048.0","256,1,1","1,1,1","100.0","False","False","jit(evolve_background)/vmap(jit(eigh))/eigh:","1.0","3.104","3.104","3.104","3.104"
"162.0","wrapped_slice","16.0","0.0","1,1,1","1,1,1","1.5625","False","False","XlaModule","2.0","2.912","1.456","1.44","1.472"
"163.0","loop_divide_fusion_22","16.0","0.0","1,1,1","1,1,1","1.5625","False","False","XlaModule","2.0","2.881","1.44","1.408","1.473"
"164.0","input_reduce_fusion_1","26.0","0.0","256,1,1","16,1,1","100.0","False","False","XlaModule","1.0","2.656","2.656","2.656","2.656"
"165.0","loop_divide_fusion_24","27.0","0.0","1,1,1","1,1,1","1.5625","False","False","jit(evolve_background)/div:","1.0","2.592","2.592","2.592","2.592"
"166.0","loop_multiply_pad_slice_fusion_1","40.0","0.0","128,1,1","8,1,1","75.0","False","False","jit(evolve_background)/scatter:","1.0","2.592","2.592","2.592","2.592"
"167.0","loop_pad_fusion","54.0","0.0","128,1,1","4,1,1","56.25","False","False","XlaModule","1.0","2.56","2.56","2.56","2.56"
"168.0","input_concatenate_fusion_25","30.0","0.0","128,1,1","4,1,1","100.0","False","False","XlaModule","1.0","2.368","2.368","2.368","2.368"
"169.0","loop_log_fusion_2","22.0","0.0","128,1,1","256,1,1","100.0","False","False","XlaModule","1.0","2.273","2.273","2.273","2.273"
"170.0","loop_multiply_fusion_17","30.0","0.0","64,1,1","1,1,1","100.0","False","False","jit(evolve_background)/vmap(jit(eigh))/div:","1.0","2.144","2.144","2.144","2.144"
"171.0","input_reduce_fusion_10","19.0","0.0","32,1,1","128,1,1","50.0","False","False","XlaModule","1.0","2.08","2.08","2.08","2.08"
"172.0","loop_log_fusion_3","22.0","0.0","128,1,1","128,1,1","100.0","False","False","XlaModule","1.0","2.08","2.08","2.08","2.08"
"173.0","void lascl_kernel<double, double, 8>(long, long, double*, unsigned long, double, int, int)","21.0","0.0","256,1,1","8,1,1","100.0","False","False","jit(evolve_background)/vmap(jit(eigh))/eigh:","1.0","2.048","2.048","2.048","2.048"
"174.0","input_concatenate_fusion_29","16.0","0.0","128,1,1","8,1,1","100.0","False","False","jit(evolve_background)/concatenate:","1.0","1.984","1.984","1.984","1.984"
"175.0","input_concatenate_fusion_24","16.0","0.0","128,1,1","4,1,1","100.0","False","False","jit(evolve_background)/log:","1.0","1.952","1.952","1.952","1.952"
"176.0","loop_divide_fusion_29","32.0","0.0","1,1,1","1,1,1","1.5625","False","False","XlaModule","1.0","1.952","1.952","1.952","1.952"
"177.0","loop_multiply_fusion_15","26.0","0.0","8,1,1","1,1,1","12.5","False","False","XlaModule","1.0","1.952","1.952","1.952","1.952"
"178.0","void colperm_kernel<double, double, 5, 4>(long, long, double const*, unsigned long, int const*, double*, unsigned long)","16.0","64.0","32,16,1","1,1,1","100.0","False","False","jit(evolve_background)/vmap(jit(eigh))/eigh:","1.0","1.92","1.92","1.92","1.92"
"179.0","loop_log_fusion_4","22.0","0.0","128,1,1","64,1,1","100.0","False","False","XlaModule","1.0","1.888","1.888","1.888","1.888"
"180.0","wrapped_slice_12","16.0","0.0","128,1,1","8,1,1","100.0","False","False","jit(evolve_background)/jit(evaluate_thermo)/slice:","1.0","1.888","1.888","1.888","1.888"
"181.0","void batch_symmetrize_kernel<double, 5, 3>(int, double*, unsigned long, long long, int, int)","32.0","8448.0","32,8,1","1,1,1","100.0","False","False","jit(evolve_background)/vmap(jit(eigh))/eigh:","1.0","1.825","1.825","1.825","1.825"
"182.0","loop_add_divide_sqrt_fusion","22.0","0.0","1,1,1","1,1,1","1.5625","False","False","XlaModule","1.0","1.824","1.824","1.824","1.824"
"183.0","loop_rsqrt_fusion","25.0","0.0","128,1,1","32,1,1","100.0","False","False","XlaModule","1.0","1.824","1.824","1.824","1.824"
"184.0","input_reduce_fusion_11","16.0","0.0","256,1,1","64,1,1","100.0","False","False","XlaModule","1.0","1.793","1.793","1.793","1.793"
"185.0","loop_log_fusion_6","22.0","0.0","128,1,1","16,1,1","100.0","False","False","XlaModule","1.0","1.793","1.793","1.793","1.793"
"186.0","loop_reduce_window_fusion_20","24.0","0.0","128,1,1","8,1,1","100.0","False","False","XlaModule","1.0","1.792","1.792","1.792","1.792"
"187.0","loop_log_fusion_5","22.0","0.0","128,1,1","32,1,1","100.0","False","False","XlaModule","1.0","1.791","1.791","1.791","1.791"
"188.0","loop_add_fusion_41","34.0","0.0","128,1,1","8,1,1","75.0","False","False","XlaModule","1.0","1.76","1.76","1.76","1.76"
"189.0","loop_log_fusion_7","20.0","0.0","128,1,1","8,1,1","100.0","False","False","XlaModule","1.0","1.76","1.76","1.76","1.76"
"190.0","wrapped_log_2","20.0","0.0","128,1,1","9,1,1","100.0","False","False","XlaModule","1.0","1.76","1.76","1.76","1.76"
"191.0","loop_add_fusion_42","30.0","0.0","1,1,1","1,1,1","1.5625","False","False","XlaModule","1.0","1.728","1.728","1.728","1.728"
"192.0","loop_broadcast_fusion_8","16.0","0.0","128,1,1","8,1,1","100.0","False","False","jit(evolve_background)/jit(searchsorted)/vmap()/broadcast_in_dim:","1.0","1.728","1.728","1.728","1.728"
"193.0","loop_broadcast_fusion","16.0","0.0","128,1,1","48,1,1","100.0","False","False","XlaModule","1.0","1.696","1.696","1.696","1.696"
"194.0","loop_broadcast_fusion_7","16.0","0.0","128,1,1","8,1,1","100.0","False","False","jit(evolve_background)/jit(clip)/max:","1.0","1.696","1.696","1.696","1.696"
"195.0","copy_info_kernel(int, int*)","16.0","0.0","1,1,1","1,1,1","1.5625","False","False","jit(evolve_background)/vmap(jit(eigh))/eigh:","1.0","1.695","1.695","1.695","1.695"
"196.0","input_reduce_fusion_9","16.0","0.0","256,1,1","16,1,1","100.0","False","False","XlaModule","1.0","1.664","1.664","1.664","1.664"
"197.0","loop_divide_fusion_28","23.0","0.0","1,1,1","1,1,1","1.5625","False","False","XlaModule","1.0","1.664","1.664","1.664","1.664"
"198.0","loop_divide_fusion_30","23.0","0.0","1,1,1","1,1,1","1.5625","False","False","XlaModule","1.0","1.632","1.632","1.632","1.632"
"199.0","loop_dynamic_slice_fusion","16.0","0.0","1,1,1","1,1,1","1.5625","False","False","XlaModule","1.0","1.632","1.632","1.632","1.632"
"200.0","loop_multiply_fusion_19","16.0","0.0","1,1,1","1,1,1","1.5625","False","False","XlaModule","1.0","1.632","1.632","1.632","1.632"
"201.0","input_reduce_fusion_8","16.0","0.0","256,1,1","8,1,1","100.0","False","False","XlaModule","1.0","1.6","1.6","1.6","1.6"
"202.0","loop_divide_fusion_27","23.0","0.0","1,1,1","1,1,1","1.5625","False","False","XlaModule","1.0","1.6","1.6","1.6","1.6"
"203.0","void scal_kernel_val<double, double>(cublasScalParamsVal<double, double>)","24.0","0.0","384,1,1","1,1,1","93.75","False","False","jit(evolve_background)/vmap(jit(eigh))/eigh:","1.0","1.6","1.6","1.6","1.6"
"204.0","loop_divide_fusion_26","23.0","0.0","1,1,1","1,1,1","1.5625","False","False","XlaModule","1.0","1.568","1.568","1.568","1.568"
"205.0","loop_log_fusion_10","20.0","0.0","2,1,1","1,1,1","3.125","False","False","XlaModule","1.0","1.568","1.568","1.568","1.568"
"206.0","loop_log_fusion_8","20.0","0.0","32,1,1","1,1,1","50.0","False","False","XlaModule","1.0","1.568","1.568","1.568","1.568"
"207.0","loop_log_fusion_9","20.0","0.0","16,1,1","1,1,1","25.0","False","False","XlaModule","1.0","1.568","1.568","1.568","1.568"
"208.0","void batch_eye_kernel<double, 5, 3>(long, long, double*, unsigned long, long long, int)","28.0","0.0","32,8,1","1,1,1","100.0","False","False","jit(evolve_background)/vmap(jit(eigh))/eigh:","1.0","1.568","1.568","1.568","1.568"
"209.0","input_concatenate_fusion_13","22.0","0.0","128,1,1","8,1,1","100.0","False","False","XlaModule","1.0","1.567","1.567","1.567","1.567"
"210.0","loop_log_fusion_12","20.0","0.0","8,1,1","1,1,1","12.5","False","False","XlaModule","1.0","1.536","1.536","1.536","1.536"
"211.0","loop_multiply_fusion_18","20.0","0.0","1,1,1","1,1,1","1.5625","False","False","XlaModule","1.0","1.536","1.536","1.536","1.536"
"212.0","loop_multiply_fusion_21","16.0","0.0","1,1,1","1,1,1","1.5625","False","False","XlaModule","1.0","1.536","1.536","1.536","1.536"
"213.0","wrapped_slice_11","16.0","0.0","1,1,1","1,1,1","1.5625","False","False","jit(evolve_background)/slice:","1.0","1.536","1.536","1.536","1.536"
"214.0","loop_multiply_fusion_23","16.0","0.0","1,1,1","1,1,1","1.5625","False","False","XlaModule","1.0","1.535","1.535","1.535","1.535"
"215.0","loop_broadcast_fusion_1","16.0","0.0","6,1,1","1,1,1","9.375","False","False","XlaModule","1.0","1.504","1.504","1.504","1.504"
"216.0","loop_divide_fusion_25","16.0","0.0","1,1,1","1,1,1","1.5625","False","False","XlaModule","1.0","1.504","1.504","1.504","1.504"
"217.0","loop_multiply_fusion_20","16.0","0.0","1,1,1","1,1,1","1.5625","False","False","XlaModule","1.0","1.504","1.504","1.504","1.504"
"218.0","void syevj_diagonal_kernel<double, double, 256>(long, double const*, long, double*)","16.0","0.0","256,1,1","1,1,1","100.0","False","False","jit(evolve_background)/vmap(jit(eigh))/eigh:","1.0","1.504","1.504","1.504","1.504"
"219.0","wrapped_slice_18","16.0","0.0","128,1,1","8,1,1","100.0","False","False","XlaModule","1.0","1.472","1.472","1.472","1.472"
"220.0","wrapped_slice_19","16.0","0.0","128,1,1","8,1,1","100.0","False","False","XlaModule","1.0","1.472","1.472","1.472","1.472"
"221.0","wrapped_slice_7","16.0","0.0","128,1,1","8,1,1","100.0","False","False","XlaModule","1.0","1.472","1.472","1.472","1.472"
"222.0","loop_broadcast_fusion_4","24.0","0.0","128,1,1","8,1,1","100.0","False","False","XlaModule","1.0","1.44","1.44","1.44","1.44"
"223.0","loop_broadcast_fusion_6","16.0","0.0","128,1,1","48,1,1","100.0","False","False","XlaModule","1.0","1.44","1.44","1.44","1.44"
"224.0","loop_log_fusion_11","20.0","0.0","4,1,1","1,1,1","6.25","False","False","XlaModule","1.0","1.44","1.44","1.44","1.44"
"225.0","loop_multiply_fusion_22","16.0","0.0","1,1,1","1,1,1","1.5625","False","False","XlaModule","1.0","1.44","1.44","1.44","1.44"
"226.0","loop_select_fusion_23","16.0","0.0","1,1,1","1,1,1","1.5625","False","False","XlaModule","1.0","1.44","1.44","1.44","1.44"
"227.0","loop_broadcast_fusion_3","16.0","0.0","6,1,1","1,1,1","9.375","False","False","XlaModule","1.0","1.408","1.408","1.408","1.408"
"228.0","loop_broadcast_fusion_2","16.0","0.0","128,1,1","4,1,1","100.0","False","False","XlaModule","1.0","1.376","1.376","1.376","1.376"
"229.0","void pegasus_set_identy<128>(int, int*)","16.0","0.0","128,1,1","1,1,1","100.0","False","False","jit(evolve_background)/vmap(jit(eigh))/eigh:","1.0","1.343","1.343","1.343","1.343"
"230.0","loop_broadcast_fusion_5","16.0","0.0","128,1,1","48,1,1","100.0","False","False","XlaModule","1.0","1.312","1.312","1.312","1.312"
"231.0","loop_slice_fusion_20","16.0","0.0","1,1,1","1,1,1","1.5625","False","False","XlaModule","1.0","1.28","1.28","1.28","1.28"
